x,year,date,CHW,CHW.pre,CLE,CLE.pre,DET,DET.pre,KCR,KCR.pre,MIN,MIN.pre
1,2010,2010/4/11,25550,52.92046396,42061,100,26081,58.15680328,37505,93.22644792,38145,92.18666924
2,2010,2010/4/20,19260,39.89229495,10071,23.94379592,17058,38.03683718,16605,41.27516779,38164,92.23258737
3,2010,2010/4/21,17023,35.25890638,10198,24.24573833,18414,41.06051822,26649,66.24161074,38341,92.66035091
4,2010,2010/4/22,18207,37.71126761,10421,24.77592069,19262,42.9514338,15601,38.77951777,38532,93.12194886
5,2010,2010/4/23,24653,51.06255178,12885,30.63407908,22008,49.07461089,11391,28.31469053,38564,93.19928464
6,2010,2010/4/24,25253,52.3053024,10564,25.11590309,19900,44.37408019,14969,37.20855083,38544,93.15094978
7,2010,2010/4/25,28274,58.56255178,14124,33.57980077,25595,57.07309459,13206,32.82624907,38985,94.21673353
8,2010,2010/5/3,21208,43.92709196,12619,30.00166425,31725,70.74209517,15930,39.59731544,39044,94.35932138
9,2010,2010/5/4,17517,36.28210439,10117,24.05316089,31042,69.21910538,11803,29.33880189,38810,93.79380347
10,2010,2010/5/5,21255,44.02444076,10387,24.69508571,25603,57.09093342,28361,70.49714144,38728,93.59563053
11,2010,2010/5/6,20106,41.64457332,12563,29.86852429,27376,61.04446327,27816,69.14243102,39020,94.30131954
12,2010,2010/5/7,20072,41.57415079,18428,43.81255795,28514,63.5820363,22192,55.16281382,39037,94.34240418
13,2010,2010/5/8,24945,51.66735708,16980,40.3699389,31130,69.41533247,13922,34.60601541,38489,93.0180289
14,2010,2010/5/9,23850,49.3993372,10916,25.95278286,31732,70.75770414,24807,61.66293811,38608,93.30562134
15,2010,2010/5/19,23271,48.20008285,13953,33.17324838,40742,90.84868216,20907,51.96868009,38863,93.92189086
16,2010,2010/5/20,23515,48.7054681,23028,54.74905494,28155,62.78151898,21876,54.37733035,38641,93.38537387
17,2010,2010/5/21,20652,42.77547639,25531,60.69993581,40210,89.66240021,12796,31.80710912,38764,93.68263328
18,2010,2010/5/22,28462,58.95194698,21044,50.03209624,39750,88.63666771,14722,36.59458116,38895,93.99922664
19,2010,2010/5/23,28298,58.61226181,10166,24.16965835,32510,72.49252999,24651,61.27516779,38737,93.61738122
20,2010,2010/6/1,20075,41.58036454,14441,34.33346806,23641,52.71596129,15139,37.63112105,39152,94.62032964
21,2010,2010/6/2,19516,40.42253521,18109,43.05413566,19446,43.3617268,12718,31.61322396,38962,94.16114844
22,2010,2010/6/3,20003,41.43123447,14758,35.08713535,17738,39.5531374,13621,33.85781755,39353,95.10609503
23,2010,2010/6/4,20713,42.9018227,15462,36.76089489,28169,62.81273692,21930,54.51155854,39087,94.46324134
24,2010,2010/6/5,30864,63.92709196,14022,33.33729583,33236,74.11140347,24383,60.60899826,39581,95.65711248
25,2010,2010/6/6,27577,57.11888981,20446,48.61035163,34501,76.93216786,22240,55.28212777,39659,95.84561844
26,2010,2010/6/8,20776,43.03231152,22041,52.40246309,31243,69.66730589,24862,61.799652,39873,96.36280149
27,2010,2010/6/9,21959,45.48260149,19484,46.32319726,24821,55.34718816,17675,43.93487447,38970,94.18048238
28,2010,2010/6/10,26004,53.86081193,32876,78.16266851,24767,55.22677608,38916,96.73378076,40323,97.45033593
29,2010,2010/6/22,28773,59.59610605,12882,30.62694658,33630,74.98996566,38457,95.59284116,39022,94.30615303
30,2010,2010/6/23,27561,57.08574979,14246,33.86985569,37438,83.48124693,32938,81.87422322,39428,95.28735077
31,2010,2010/6/24,31076,64.36619718,14339,34.09096312,40681,90.71266111,15056,37.42480736,40001,96.67214462
32,2010,2010/6/25,39364,81.53272577,11577,27.52430993,41417,92.35383312,19364,48.13323391,39772,96.11871043
33,2010,2010/6/26,39479,81.77091964,11401,27.10587005,32512,72.4969897,18335,45.57544121,39812,96.21538015
34,2010,2010/6/27,39682,82.1913836,12109,28.78913958,32430,72.31414173,37312,92.74670644,40814,98.63695684
35,2010,2010/7/5,38092,78.89809445,16859,40.08226148,24899,55.52111671,26634,66.20432513,40741,98.46053458
36,2010,2010/7/6,21889,45.33761392,18629,44.29043532,26432,58.93948178,18702,46.48769575,40681,98.31552999
37,2010,2010/7/7,21135,43.77589064,13940,33.14234089,22532,50.24305401,12968,32.23465076,40593,98.10285659
38,2010,2010/7/8,27734,57.44407622,22295,53.00634792,22837,50.92315926,18865,46.89286602,40671,98.29136256
39,2010,2010/7/9,25572,52.96603148,20090,47.76396186,42549,94.87802703,15285,37.9940343,40665,98.2768621
40,2010,2010/7/10,32339,66.98218724,20902,49.69449133,41461,92.45194666,19306,47.98906289,39266,94.89583837
41,2010,2010/7/26,38815,80.39560895,16904,40.18924895,39689,88.50064666,16749,41.63310962,40852,98.72879308
42,2010,2010/7/27,26080,54.01822701,17221,40.94291624,26626,59.37207332,15484,38.48869003,40328,97.46241964
43,2010,2010/7/28,25126,52.04225352,13410,31.88226623,27576,61.49043393,17220,42.8038777,40697,98.35419788
44,2010,2010/7/29,28483,58.99544325,27224,64.7250422,28704,64.00570842,21537,53.53467562,40427,97.70167722
45,2010,2010/7/31,35852,74.25849213,22965,54.59927249,34476,76.87642153,25055,62.27939349,40637,98.20919329
46,2010,2010/8/1,32118,66.52444076,25275,60.09129597,39391,87.83615038,14662,36.44543873,40336,97.48175359
47,2010,2010/8/10,30900,64.001657,27638,65.70932693,37093,82.71194755,23337,58.00894855,40853,98.73120982
48,2010,2010/8/12,33237,68.84217067,17427,41.43268111,38526,85.9073273,30680,76.2614964,40745,98.47020156
49,2010,2010/8/13,34834,72.14995857,13541,32.19371865,26141,58.29059448,34206,85.02609993,40799,98.60070569
50,2010,2010/8/14,36548,75.70008285,11155,26.52100521,31770,70.84243857,26012,64.65821526,40596,98.11010682
51,2010,2010/8/15,36287,75.15948633,14533,34.552198,34156,76.16286848,13258,32.95550584,40799,98.60070569
52,2010,2010/8/24,26263,54.39726595,26424,62.82304272,35106,78.2812291,12864,31.97613721,40374,97.57358983
53,2010,2010/8/25,23733,49.15700083,25980,61.76743301,38783,86.48039959,9732,24.19090231,40622,98.17294214
54,2010,2010/8/26,23898,49.49875725,14888,35.39621027,32037,71.43780939,18877,46.92269451,40830,98.67562473
55,2010,2010/8/27,38596,79.94200497,11751,27.93799482,23932,53.36484859,15881,39.47551578,40602,98.12460728
56,2010,2010/8/28,38811,80.38732394,10514,24.99702813,26114,58.23038844,10295,25.59035546,40714,98.39528252
57,2010,2010/8/29,39433,81.67564209,11826,28.11630727,28815,64.25322214,10811,26.87298036,40702,98.3662816
58,2010,2010/9/10,27009,55.94241922,17631,41.91769097,33936,75.67230076,17835,44.33258762,40723,98.41703321
59,2010,2010/9/11,26389,54.65824358,16372,38.9244193,38088,84.93065156,21483,53.40044743,40747,98.47503504
60,2010,2010/9/12,23756,49.2046396,19725,46.8961746,35104,78.27676939,19061,47.38006463,40966,99.0043018
61,2010,2010/9/14,29223,60.52816901,10663,25.35127553,30552,68.12647728,12852,31.94630872,40385,97.60017401
62,2010,2010/9/15,30063,62.26801988,12006,28.54425715,29043,64.76162868,11087,27.55903555,40186,97.11924211
63,2010,2010/9/16,27180,56.29660315,26207,62.30712537,31231,69.64054765,21168,52.61744966,39438,95.3115182
64,2010,2010/9/17,28563,59.16114333,24972,59.37091367,32924,73.41568925,18112,45.02112851,39551,95.58461018
65,2010,2010/9/18,27828,57.63877382,22988,54.65395497,24905,55.53449583,17803,44.25304499,40496,97.8684325
66,2010,2010/9/19,25417,52.64498757,15734,37.40757471,25995,57.9650359,19307,47.9915486,40516,97.91676736
67,2010,2010/9/27,19750,40.90720795,10183,24.21007584,29995,66.884449,18487,45.9532687,40228,97.22074532
68,2010,2010/9/28,16982,35.17398509,14000,33.28499085,28575,63.71805735,18340,45.58786975,38816,93.80830393
69,2010,2010/9/29,32084,66.45401823,16625,39.52592663,28139,62.74584132,21563,53.599304,39376,95.16168012
70,2010,2010/9/30,30854,63.90637945,25100,59.67523359,24170,53.89555367,23374,58.10091971,40681,98.31552999
71,2010,2010/10/1,23128,47.90389395,19746,46.94610209,24382,54.36828257,32484,80.74571216,40847,98.71670936
72,2010,2010/10/2,23702,49.09279205,18813,44.7278952,26178,58.37309905,20936,52.0407656,40088,96.88240128
73,2011,2011/4/7,38579,79.9067937,10161,24.15777086,24678,55.02831914,13360,33.20904797,39228,94.80400213
74,2011,2011/4/8,20199,41.83719967,12227,29.06968451,30083,67.08067609,8811,21.901566,39580,95.65469573
75,2011,2011/4/10,23436,48.54183927,38228,90.88704501,34129,76.10266244,13686,34.01938852,40139,97.00565518
76,2011,2011/4/11,20057,41.54308202,10594,25.18722807,32021,71.40213174,19424,48.28237634,39477,95.40577118
77,2011,2011/4/12,18020,37.32394366,16346,38.86260431,44799,99.8951969,12214,30.36042754,39937,96.51747305
78,2011,2011/4/13,16523,34.22328086,10714,25.472528,28984,64.63006734,10080,25.05592841,40235,97.23766253
79,2011,2011/4/15,20103,41.63835957,13017,30.94790899,18724,41.75177273,9279,23.06487696,40664,98.27444536
80,2011,2011/4/16,21250,44.01408451,9650,22.94286869,20609,45.95504616,31407,78.06860552,40714,98.39528252
81,2011,2011/4/17,23458,48.58740679,9722,23.11404864,23537,52.48405655,22099,54.93164305,39936,96.51505631
82,2011,2011/4/29,21816,45.18641259,9076,21.57818407,35227,78.55104134,18108,45.01118568,38484,93.00594519
83,2011,2011/4/30,26104,54.06793703,15568,37.01290982,17784,39.65571065,11986,29.7936863,38154,92.20841993
84,2011,2011/5/1,22029,45.62758906,14164,33.67490074,18027,40.197565,11130,27.66592095,36286,87.69394364
85,2011,2011/5/2,18007,37.2970174,16336,38.83882932,18153,40.47852651,29927,74.38975889,39459,95.36226981
86,2011,2011/5/3,20901,43.2912179,18107,43.04938066,21176,47.21937297,30690,76.28635347,39388,95.19068104
87,2011,2011/5/4,18028,37.34051367,33774,80.29766292,22852,50.95660706,25828,64.20084514,36714,88.72830973
88,2011,2011/5/16,23048,47.73819387,31622,75.18128433,23551,52.51527449,22435,55.76684067,38215,92.35584127
89,2011,2011/5/17,22437,46.47265949,40631,96.60017593,22569,50.32555858,12242,30.43002734,38949,94.12973077
90,2011,2011/5/18,18580,38.48384424,26833,63.79543996,30572,68.17107434,17712,44.02684564,38938,94.1031466
91,2011,2011/5/19,22077,45.72700911,19225,45.70742493,33641,75.01449405,12355,30.71091225,38809,93.79138673
92,2011,2011/5/20,24121,49.96064623,23752,56.47036447,37647,83.94728627,26816,66.65672384,39934,96.51022282
93,2011,2011/5/21,25519,52.85625518,26408,62.78500273,20444,45.58712037,28195,70.08451404,39301,94.98042438
94,2011,2011/5/22,25081,51.94904722,15336,36.46132997,21550,48.05333809,24406,60.66616953,37498,90.6230364
95,2011,2011/6/3,23095,47.83554267,27458,65.28137705,24133,53.8130491,14174,35.23241362,37691,91.08946783
96,2011,2011/6/4,31037,64.28541839,30130,71.6340553,24213,53.99143736,14584,36.25155357,38860,93.91464063
97,2011,2011/6/5,25149,52.08989229,20621,49.02641402,34046,75.91758462,32443,80.64379816,38976,94.19498284
98,2011,2011/6/6,23847,49.39312345,15278,36.32343501,39873,88.91093966,27861,69.25428784,39824,96.24438107
99,2011,2011/6/7,21337,44.19428335,15498,36.84648487,30198,67.33710922,21704,53.94978871,39867,96.34830103
100,2011,2011/6/8,21517,44.56710853,15849,37.68098714,22649,50.50394684,12194,30.3107134,38761,93.67538305
101,2011,2011/6/9,22170,45.91963546,38549,91.6502223,24363,54.32591535,16539,41.11111111,38907,94.02822756
102,2011,2011/6/11,24391,50.51988401,31865,75.75901667,22090,49.25745886,12152,30.2063137,40420,97.68476002
103,2011,2011/6/12,22144,45.86578293,30023,71.37966287,30511,68.03505329,13941,34.65324385,39281,94.93208952
104,2011,2011/6/20,36005,74.57539354,15224,36.19505005,38398,85.62190608,19305,47.98657718,37437,90.47561506
105,2011,2011/6/21,35155,72.81483016,15877,37.74755712,31572,70.40092762,14265,35.45861298,39484,95.42268839
106,2011,2011/6/22,35403,73.32850041,17568,41.76790851,30938,68.98720064,23610,58.68754661,39205,94.74841703
107,2011,2011/6/24,23856,49.41176471,40676,96.70716341,28128,62.72131294,32921,81.83196619,40225,97.21349509
108,2011,2011/6/25,23008,47.65534383,30100,71.56273032,26711,59.56161085,38744,96.30623913,40655,98.25269467
109,2011,2011/6/26,24057,49.82808616,31926,75.90404413,37437,83.47901708,28401,70.59656972,39487,95.42993861
110,2011,2011/7/4,31077,64.36826843,25835,61.42269561,37335,83.25157205,16355,40.65374099,39755,96.07762579
111,2011,2011/7/5,20695,42.86454018,27661,65.76400941,43163,96.24715694,34563,85.91349739,39655,95.83595147
112,2011,2011/7/6,27233,56.40637945,21148,50.27935617,41036,91.50425902,25941,64.48173005,40812,98.63212335
113,2011,2011/7/7,26395,54.67067109,27477,65.32654954,25181,56.14993533,18373,45.66989809,41378,100
114,2011,2011/7/8,27737,57.45028998,20252,48.14911676,28480,63.50622129,17190,42.72930649,41195,99.55773599
115,2011,2011/7/9,30055,62.25144988,19384,46.08544733,26338,58.72987557,20126,50.02734278,39528,95.52902509
116,2011,2011/7/10,30042,62.22452361,19430,46.1948123,31861,71.04535522,13831,34.37981606,38613,93.31770506
117,2011,2011/7/25,37110,76.86412593,21546,51.22560091,35583,79.34486911,27824,69.16231668,39841,96.28546571
118,2011,2011/7/26,28093,58.18765534,35390,84.13970186,38983,86.92637024,27643,68.71240368,39584,95.6643627
119,2011,2011/7/27,26978,55.87821044,31436,74.73906945,31904,71.14123891,23735,58.99826,39177,94.68074822
120,2011,2011/7/29,27513,56.98632974,21101,50.1676137,43593,97.20599385,17116,42.54536416,41295,99.79941031
121,2011,2011/7/30,33919,70.25476388,25317,60.19115095,40984,91.38830665,14187,35.26472782,38786,93.73580163
122,2011,2011/7/31,28278,58.57083679,23258,55.29587979,37049,82.61383401,12161,30.22868506,38473,92.97936101
123,2011,2011/8/1,24142,50.0041425,30988,73.67394974,31980,71.31070776,28565,71.0042257,39167,94.65658079
124,2011,2011/8/2,21661,44.86536868,31364,74.56788949,33489,74.67555635,25818,64.17598807,40149,97.02982261
125,2011,2011/8/3,23873,49.44697597,30619,72.79665248,40551,90.42278018,20132,50.04225702,40691,98.33969742
126,2011,2011/8/4,28088,58.17729909,21582,51.31119089,36878,82.2325291,24879,61.84190902,40764,98.51611968
127,2011,2011/8/12,23130,47.90803645,22805,54.21887259,29067,64.81514516,22258,55.32687049,40789,98.57653826
128,2011,2011/8/13,24854,51.47887324,16037,38.12795701,33596,74.91415065,22435,55.76684067,41364,99.9661656
129,2011,2011/8/14,25517,52.85211268,41337,98.27869047,40497,90.3023681,20547,51.0738255,41030,99.15897337
130,2011,2011/8/16,24695,51.14954432,35370,84.09215187,36211,80.74521696,21262,52.85110614,39353,95.10609503
131,2011,2011/8/17,25029,51.84134217,27908,66.35125175,40589,90.50751461,28588,71.06139697,40080,96.86306733
132,2011,2011/8/18,27079,56.08740679,18201,43.2728656,34835,77.67693886,25723,63.93984589,39974,96.60689255
133,2011,2011/8/19,28308,58.63297432,20372,48.43441668,44222,98.60857156,27251,67.73800646,40491,97.85634878
134,2011,2011/8/20,30021,62.18102734,15202,36.14274506,44629,99.51612184,27126,67.42729306,41126,99.39098071
135,2011,2011/8/21,25033,51.84962717,14192,33.74147072,43388,96.74887392,34015,84.55132985,41254,99.70032384
136,2011,2011/8/29,24120,49.95857498,39824,94.68153396,32423,72.29853276,25253,62.77156351,41242,99.67132293
137,2011,2011/8/30,21632,44.8053024,27544,65.48584199,34866,77.74606431,19076,47.41735024,38986,94.21915027
138,2011,2011/8/31,20346,42.14167357,16783,39.90157153,33572,74.86063417,17737,44.08898832,38786,93.73580163
139,2011,2011/9/8,22063,45.6980116,15354,36.50412496,39084,87.15158543,24918,61.9388516,37778,91.29972449
140,2011,2011/9/9,26711,55.32518641,19582,46.5561922,42352,94.43874593,31264,77.71314939,38406,92.81743922
141,2011,2011/9/10,26719,55.34175642,28603,68.0036138,40635,90.61008786,29480,73.27864778,38918,94.05481174
142,2011,2011/9/11,22319,46.22825186,12400,29.48099189,42671,95.15006913,28776,71.52870992,40179,97.10232491
143,2011,2011/9/12,22750,47.12096106,21487,51.08532845,35996,80.26579851,40230,100,39130,94.56716129
144,2011,2011/9/13,25015,51.81234466,36807,87.50861844,38567,85.99875128,21182,52.65224957,39849,96.30479965
145,2011,2011/9/23,21744,45.03728252,26197,62.28335037,36972,82.44213531,14039,34.89684315,40252,97.27874716
146,2011,2011/9/24,26249,54.36826843,30748,73.1033499,27847,62.09472417,13851,34.4295302,38359,92.70385229
147,2011,2011/9/25,22018,45.6048053,22539,53.58645776,38623,86.12362307,14083,35.00621427,37942,91.69607038
148,2011,2011/9/26,21320,44.15907208,9072,21.56867407,44846,100,23065,57.33283619,38805,93.78171975
149,2011,2011/9/27,23934,49.57332229,9137,21.72321153,41051,91.53770682,26891,66.84315188,37012,89.4484992
150,2011,2011/9/28,20524,42.51035626,10552,25.0873731,29886,66.641395,13267,32.97787721,35995,86.99067137
151,2012,2012/4/13,38676,80.10770505,9229,21.94194147,31132,69.41979218,24153,60.03728561,36263,87.63835855
152,2012,2012/4/15,25143,52.07746479,12597,29.94935926,31645,70.56370691,20434,50.79294059,37466,90.54570061
153,2012,2012/4/17,11267,23.33678542,11316,26.9037826,28180,62.83726531,19502,48.4762615,34847,84.21625018
154,2012,2012/4/18,13818,28.62054681,15421,36.66341742,30029,66.96026401,20524,51.01665424,34228,82.72028614
155,2012,2012/4/19,11836,24.51532726,16147,38.38948194,35001,78.0470945,18339,45.58538404,36488,88.18212577
156,2012,2012/4/26,20266,41.97597349,21307,50.65737857,41427,92.37613165,17949,44.61595824,31413,75.91715404
157,2012,2012/4/27,20414,42.28251864,18171,43.20154062,36255,80.84333051,31076,77.24583644,31782,76.80893228
158,2012,2012/4/28,20057,41.54308202,11304,26.87525261,30073,67.05837756,33694,83.75341785,31400,75.88573638
159,2012,2012/4/29,22811,47.24730737,11285,26.83008012,28527,63.61102439,27469,68.27989063,35854,86.64991058
160,2012,2012/5/1,15212,31.50787075,12092,28.74872209,31451,70.13111537,29527,73.39547601,32351,78.18405916
161,2012,2012/5/2,15192,31.46644573,12894,30.65547657,30159,67.25014494,26276,65.31444196,33651,81.32582532
162,2012,2012/5/3,17314,35.86164043,29378,69.84617579,33187,74.00214066,21111,52.47576435,32254,77.94963507
163,2012,2012/5/11,19129,39.62096106,29799,70.84710302,33615,74.95651786,16531,41.09122545,34201,82.65503408
164,2012,2012/5/12,20066,41.56172328,23668,56.27065453,42404,94.5546983,23934,59.49291573,31382,75.842235
165,2012,2012/5/13,22636,46.88483844,15049,35.77898766,33955,75.71466797,18386,45.70221228,31915,77.13035913
166,2012,2012/5/14,23538,48.75310688,22000,52.30498562,37840,84.37764795,24258,60.29828486,31438,75.97757262
167,2012,2012/5/15,21473,44.47597349,23622,56.16128956,41661,92.89791732,17885,44.45687298,33387,80.68780511
168,2012,2012/5/22,20026,41.47887324,25377,60.33380091,42953,95.77888775,21869,54.3599304,36889,89.15123979
169,2012,2012/5/23,20064,41.55758078,14253,33.88649818,39971,89.12946528,37902,94.21327368,32313,78.09222292
170,2012,2012/5/26,27151,56.23653687,17112,40.68376881,44593,99.43584712,37240,92.56773552,35732,86.35506791
171,2012,2012/5/27,22182,45.94449047,19904,47.32174699,42419,94.5881461,29063,72.24210788,37688,91.0822176
172,2012,2012/6/1,19168,39.70173985,25469,60.55253085,33258,74.16046024,20200,50.21128511,37360,90.28952583
173,2012,2012/6/2,26200,54.26677713,21238,50.49333111,31350,69.90590019,25982,64.58364405,38710,93.55212915
174,2012,2012/6/3,23062,47.76719138,31920,75.88977913,40851,91.09173616,19228,47.79517773,31781,76.80651554
175,2012,2012/6/5,23107,47.86039768,30408,72.29500012,41878,93.38179548,32744,81.39199602,35103,84.83493644
176,2012,2012/6/6,25672,53.17315659,27388,65.11495209,41800,93.20786692,24998,62.13770818,38014,91.87007589
177,2012,2012/6/7,25743,53.32021541,19948,47.42635696,40619,90.5744102,25714,63.91747452,39309,94.99975833
178,2012,2012/6/8,22452,46.50372825,17213,40.92389625,36733,81.90920037,16697,41.50385285,37526,90.69070521
179,2012,2012/6/9,22880,47.3902237,23544,55.97584461,38871,86.67662668,17312,43.03256276,32622,78.83899657
180,2012,2012/6/10,20398,42.24937862,21616,51.39202587,37406,83.40989163,16706,41.52622421,32581,78.7399101
181,2012,2012/6/19,30282,62.72162386,29292,69.64171085,41023,91.47527093,25719,63.92990306,32205,77.83121466
182,2012,2012/6/20,32311,66.92419221,20979,49.87755878,33350,74.36560674,26747,66.48521004,37295,90.13243753
183,2012,2012/6/22,22798,47.22038111,26577,63.18680012,39144,87.28537662,23252,57.79766344,37698,91.10638504
184,2012,2012/6/23,30337,62.83554267,28734,68.31506621,39392,87.83838023,18569,46.15709669,39206,94.75083378
185,2012,2012/6/24,26545,54.98135874,20658,49.11438149,36693,81.82000624,17033,42.33905046,35659,86.17864566
186,2012,2012/7/3,30183,62.51657001,19163,45.56001997,36806,82.07197966,26889,66.83818046,35102,84.8325197
187,2012,2012/7/4,30271,62.6988401,33954,80.7256128,33950,75.70351871,28724,71.39945314,36539,88.30537967
188,2012,2012/7/5,21288,44.09279205,36247,86.1772188,37915,84.54488695,22007,54.70295799,33359,80.6201363
189,2012,2012/7/6,27129,56.19096935,28049,66.68647916,40311,89.88761539,16107,40.03728561,37629,90.93962975
190,2012,2012/7/7,25399,52.60770505,18264,43.42264806,44572,99.3890202,15591,38.7546607,37694,91.09671806
191,2012,2012/7/8,27190,56.31731566,23637,56.19695205,42888,95.63394729,14345,35.65746955,37819,91.39881096
192,2012,2012/7/23,37788,78.26843413,24029,57.12893179,41281,92.05057307,22169,55.10564256,33230,80.30837643
193,2012,2012/7/24,34715,71.9034797,34579,82.21154989,41502,92.54337065,23858,59.30400199,39084,94.45599111
194,2012,2012/7/25,32261,66.82062966,18775,44.63755022,42744,95.31284841,22401,55.68232662,36853,89.06423703
195,2012,2012/8/3,32060,66.4043082,14813,35.21789782,41381,92.2735584,13601,33.80810341,32445,78.41123302
196,2012,2012/8/4,28571,59.17771334,18805,44.70887521,39760,88.65896624,13024,32.37385036,33195,80.22379042
197,2012,2012/8/5,30202,62.55592378,19639,46.69170966,41879,93.38402533,12997,32.30673627,37676,91.05321669
198,2012,2012/8/6,30097,62.33844242,27246,64.77734719,40940,91.29019311,23189,57.64106388,37820,91.40122771
199,2012,2012/8/7,27194,56.32560066,27894,66.31796676,41620,92.80649333,35992,89.46557296,39166,94.65416405
200,2012,2012/8/8,25151,52.0940348,27488,65.35270203,42132,93.94817821,22207,55.20009943,34720,83.9093238
201,2012,2012/8/10,25041,51.86619718,27986,66.5366967,40511,90.33358605,12462,30.97688292,35018,84.62951327
202,2012,2012/8/11,26686,55.27340514,34374,81.72416253,39499,88.07697454,13354,33.19413373,36424,88.0274542
203,2012,2012/8/12,25106,52.0008285,26166,62.20964789,37225,83.00628819,15332,38.11086254,34823,84.15824834
204,2012,2012/8/20,27561,57.08574979,13018,30.95028649,39910,88.99344423,27586,68.57071837,38108,92.09724975
205,2012,2012/8/21,24247,50.22162386,13413,31.88939873,39356,87.75810552,23027,57.23837932,39512,95.49035719
206,2012,2012/8/22,26319,54.51325601,14412,34.26452058,41970,93.58694198,24979,62.09047974,35327,85.37628692
207,2012,2012/8/24,25058,51.90140845,14500,34.47374052,40074,89.35914017,14420,35.84389759,34366,83.0537967
208,2012,2012/8/25,27562,57.08782104,16700,39.70423908,36721,81.88244214,15120,37.58389262,37544,90.73420658
209,2012,2012/8/26,23146,47.94117647,17218,40.93578374,40059,89.32569237,14710,36.56475267,37118,89.70467398
210,2012,2012/9/4,15698,32.51449876,19474,46.29942227,42192,94.08196941,22805,56.68655232,31883,77.05302335
211,2012,2012/9/5,17336,35.90720795,17185,40.85732626,35418,78.97694332,24304,60.41262739,29854,72.1494514
212,2012,2012/9/7,26660,55.21955261,22849,54.32348256,27729,61.83160148,15312,38.0611484,29281,70.76465755
213,2012,2012/9/8,26227,54.32270091,17233,40.97144623,28881,64.40039245,14283,35.5033557,32578,78.73265987
214,2012,2012/9/9,19356,40.09113505,13519,32.14141366,31243,69.66730589,30383,75.52324136,30111,72.7705544
215,2012,2012/9/10,30287,62.73198012,12331,29.31694444,29734,66.3024573,40073,99.60974397,33698,81.43941225
216,2012,2012/9/11,26504,54.89643745,14850,35.30586529,34635,77.2309682,11697,29.07531693,30219,73.03156267
217,2012,2012/9/12,30667,63.51905551,17109,40.67663631,40586,90.50082505,10069,25.02858563,27526,66.52327324
218,2012,2012/9/17,29130,60.33554267,18099,43.03036067,39839,88.83512465,13049,32.43599304,28993,70.06863551
219,2012,2012/9/24,20206,41.85169843,14756,35.08238035,40438,90.17080676,21960,54.58612975,28139,68.00473682
220,2012,2012/9/25,13797,28.57705054,10015,23.81065595,31521,70.2872051,29057,72.22719364,28669,69.28561071
221,2012,2012/9/26,20166,41.76884838,18093,43.01609567,29048,64.77277795,19224,47.7852349,30729,74.2641017
222,2012,2012/9/27,18630,38.58740679,41567,98.82551532,32360,72.158052,22001,54.68804375,36308,87.74711199
223,2012,2012/9/28,25264,52.32808616,11864,28.20665224,33019,73.62752531,14255,35.4337559,31722,76.66392769
224,2012,2012/9/29,26559,55.01035626,11422,27.15579753,39829,88.81282612,12738,31.66293811,33720,81.4925806
225,2012,2012/9/30,26831,55.57373654,11682,27.77394736,28979,64.61891808,11514,28.62043251,33346,80.58871864
226,2013,2013/4/7,18708,38.74896437,9143,21.73747652,29631,66.07278241,19957,49.60725826,33251,80.35912804
227,2013,2013/4/20,22417,46.43123447,10282,24.44544828,28781,64.17740713,16462,40.91971166,30315,73.26357001
228,2013,2013/4/21,19587,40.56959403,12936,30.75533154,30347,67.66935736,15576,38.71737509,32839,79.36342984
229,2013,2013/4/22,14950,30.96520298,10841,25.77447041,30321,67.61138117,24521,60.95202585,32554,78.67465803
230,2013,2013/4/24,16765,34.72452361,12730,30.26556668,35161,78.40387103,30910,76.83320905,23735,57.36139978
231,2013,2013/4/25,15056,31.18475559,20200,48.02548679,42881,95.61833831,29515,73.36564753,23535,56.87805114
232,2013,2013/4/26,20008,41.44159072,17830,42.39081334,33469,74.63095928,18784,46.69152374,23299,56.30769974
233,2013,2013/4/27,25270,52.34051367,14015,33.32065334,29878,66.62355617,32148,79.91051454,23300,56.31011649
234,2013,2013/4/28,22677,46.96975973,9514,22.61952878,31748,70.7933818,24475,60.83768332,25716,62.14896805
235,2013,2013/5/11,28774,59.5981773,9474,22.52442881,36028,80.33715382,34746,86.3683818,25459,61.52786505
236,2013,2013/5/12,22088,45.74979287,11125,26.44968023,37547,83.72430094,27833,69.18468804,27404,66.22843057
237,2013,2013/5/20,21816,45.18641259,12477,29.66405934,41438,92.40066004,20134,50.04722844,37503,90.63512011
238,2013,2013/5/21,21984,45.53438277,25051,59.55873612,35260,78.6246265,12407,30.84016903,35751,86.40098603
239,2013,2013/5/22,21298,44.11350456,34282,81.50543259,31161,69.48445792,14942,37.14143674,31360,75.78906665
240,2013,2013/5/25,23705,49.0990058,17574,41.78217351,34542,77.02359185,24808,61.66542381,34320,82.94262652
241,2013,2013/5/26,25464,52.74233637,19744,46.94134709,40315,89.89653481,28055,69.73651504,25605,61.88070956
242,2013,2013/5/27,30631,63.44449047,19390,46.09971232,32804,73.14810685,20723,51.51130997,32023,77.39136739
243,2013,2013/6/6,21156,43.81938691,17374,41.30667364,42394,94.53239977,17653,43.88018891,35613,86.06747547
244,2013,2013/6/7,22861,47.35086993,16562,39.37614417,41416,92.35160326,16493,40.99676858,30210,73.00981198
245,2013,2013/6/8,23735,49.16114333,18004,42.80449823,33473,74.6398787,24564,61.05891126,36967,89.33974576
246,2013,2013/6/9,31033,64.27713339,18364,43.66039799,30569,68.16438478,33830,84.09147402,33042,79.85402871
247,2013,2013/6/10,18126,37.54349627,29603,70.38111315,30005,66.90674754,20364,50.61894109,31359,75.78664991
248,2013,2013/6/25,20787,43.05509528,18106,43.04700316,36168,80.64933327,18622,46.28883917,32688,78.99850162
249,2013,2013/6/26,18249,37.79826015,30824,73.28403985,39008,86.98211658,29947,74.43947303,31430,75.95823868
250,2013,2013/6/28,28628,59.29577465,33307,79.18737072,41691,92.96481292,22207,55.20009943,33417,80.76030741
251,2013,2013/6/28,48282,100.0041425,21845,51.93647322,32525,72.52597779,15625,38.83917475,30104,72.7536372
252,2013,2013/6/29,26289,54.45111848,12803,30.43912413,34706,77.38928778,28534,70.92716878,28910,69.86804582
253,2013,2013/6/30,27032,55.990058,14853,35.31299779,38574,86.01436026,16792,41.73999503,28519,68.92309923
254,2013,2013/7/2,19746,40.89892295,17349,41.24723616,36939,82.36855015,35518,88.28734775,29571,71.46551307
255,2013,2013/7/3,26001,53.85459818,26442,62.86583771,41126,91.70494581,16606,41.27765349,35017,84.62709652
256,2013,2013/7/4,21321,44.16114333,21417,50.9189035,42508,94.78660304,17804,44.2555307,39317,95.01909227
257,2013,2013/7/8,31552,65.35211268,17143,40.75747129,41507,92.55451991,35000,86.99975143,30387,73.43757552
258,2013,2013/7/19,25613,53.05095278,40167,95.49701624,34204,76.26990144,30116,74.85955754,30003,72.50954614
259,2013,2013/7/20,27294,56.53272577,28054,66.69836666,35635,79.46082148,20513,50.98931146,35837,86.60882595
260,2013,2013/7/21,27729,57.43371997,20503,48.74586909,39496,88.07028498,16362,40.67114094,28040,67.76547924
261,2013,2013/7/22,23195,48.04266777,23640,56.20408454,37113,82.75654462,19072,47.40740741,28916,69.88254628
262,2013,2013/7/23,25919,53.68475559,13640,32.42909108,39085,87.15381528,17410,43.27616207,34232,82.72995312
263,2013,2013/7/24,26793,55.495029,14134,33.60357576,40444,90.18418588,17675,43.93487447,29619,71.58151675
264,2013,2013/7/25,30348,62.85832643,29740,70.70683056,41686,92.95366365,21474,53.37807606,29029,70.15563826
265,2013,2013/7/26,18342,37.9908865,15432,36.68956991,44061,98.24956518,21121,52.50062143,38457,92.94069312
266,2013,2013/7/27,26172,54.2087821,27419,65.18865457,41617,92.79980377,29485,73.29107631,38260,92.46459471
267,2013,2013/7/28,24079,49.87365369,24422,58.06328903,42317,94.36070107,38742,96.30126771,36280,87.67944318
268,2013,2013/8/5,27948,57.88732394,19673,46.77254464,41326,92.15091647,24935,61.98110863,38626,93.34912272
269,2013,2013/8/6,23826,49.34962717,14868,35.34866028,41880,93.38625518,15956,39.66194382,31753,76.73884673
270,2013,2013/8/7,25707,53.24565037,22258,52.91838045,40894,91.18761985,21094,52.43350733,33085,79.95794867
271,2013,2013/8/9,17439,36.12054681,20189,47.9993343,41109,91.66703831,17760,44.14615958,32789,79.24259268
272,2013,2013/8/10,24529,50.80571665,24381,57.96581156,43906,97.90393792,13060,32.46333582,35448,85.66871284
273,2013,2013/8/11,26344,54.56503728,24676,58.66717387,42513,94.79775231,13083,32.52050708,30633,74.03209435
274,2013,2013/8/12,19590,40.57580779,20169,47.95178431,37872,84.44900326,13363,33.2165051,38078,92.02474745
275,2013,2013/8/13,22292,46.17232809,25131,59.74893607,38714,86.32653971,28733,71.42182451,34780,84.05432839
276,2013,2013/8/14,20058,41.54515327,28729,68.30317872,40980,91.37938724,28023,69.65697241,30922,74.73053313
277,2013,2013/8/23,31891,66.05426678,32733,77.8226861,41850,93.31935959,19661,48.87148894,29806,72.03344773
278,2013,2013/8/24,22079,45.73115162,23433,55.71194218,41740,93.07407573,20546,51.0713398,35133,84.90743874
279,2013,2013/8/25,25960,53.76967688,23218,55.20077982,37964,84.65414976,20063,49.87074323,32851,79.39243076
280,2013,2013/8/26,13404,27.76304888,26870,63.88340743,38092,84.93957098,13638,33.90007457,28834,69.68437334
281,2013,2013/8/28,15961,33.05923778,21042,50.02734124,39653,88.42037194,13621,33.85781755,36833,89.01590217
282,2013,2013/9/9,17193,35.61101906,15020,35.71004018,34778,77.54983722,14004,34.8098434,32905,79.52293489
283,2013,2013/9/10,19172,39.71002486,9962,23.68464849,34356,76.60883914,21358,53.08973403,30913,74.70878244
284,2013,2013/9/11,15799,32.72369511,11522,27.39354747,31973,71.29509878,20402,50.71339796,27006,65.26656677
285,2013,2013/9/12,14375,29.77423364,15962,37.94964456,39212,87.43700664,16774,41.6952523,27379,66.16801199
286,2013,2013/9/13,15533,32.17274234,21453,51.00449347,37067,82.65397137,15413,38.31220482,28012,67.69781043
287,2013,2013/9/14,28024,58.04473902,13317,31.66115879,41272,92.03050439,21198,52.69202088,27044,65.35840302
288,2013,2013/9/15,18631,38.58947804,9794,23.2852286,41557,92.66601258,21837,54.28038777,32882,79.4673498
289,2013,2013/9/16,15018,31.10604805,12615,29.99215425,40389,90.06154395,36575,90.91474024,29450,71.17308715
290,2013,2013/9/17,15964,33.06545153,12085,28.7320796,41841,93.29929091,27899,69.34874472,21826,52.74783701
291,2013,2013/9/18,14520,30.07456504,12607,29.97313426,40491,90.28898898,29760,73.97464579,26017,62.87640775
292,2013,2013/9/23,19122,39.6064623,17310,41.15451368,34063,75.95549213,12087,30.04474273,24522,59.26337667
293,2013,2013/9/26,16434,34.03893952,26611,63.2676351,39076,87.1337466,13612,33.83544618,26188,63.28967084
294,2013,2013/9/27,24474,50.69179785,26168,62.21440289,36395,81.15550997,21192,52.67710664,27292,65.95775533
295,2013,2013/9/28,22235,46.05426678,21083,50.12481872,38431,85.69549124,24291,60.3803132,28541,68.97626758
296,2013,2013/9/29,22633,46.87862469,30942,73.56458477,39643,88.39807341,17710,44.02187422,27988,67.63980859
297,2014,2014/4/10,11116,23.02402651,13104,31.15475143,41772,93.14543103,10705,26.6094954,24647,59.56546957
298,2014,2014/4/11,13605,28.17937034,9029,21.4664416,41749,93.09414441,11715,29.12005966,25541,61.72603799
299,2014,2014/4/12,27332,56.61143331,41157,97.85074059,34261,76.39700308,11207,27.85732041,26517,64.08477935
300,2014,2014/4/13,14281,29.57953604,16335,38.83645182,23811,53.09503635,28021,69.65200099,24929,60.24699115
301,2014,2014/4/15,13402,27.75890638,15188,36.10946007,25990,57.95388663,22504,55.93835446,24074,58.18067572
302,2014,2014/4/16,13302,27.55178128,11716,27.85478234,36659,81.74419123,15914,39.55754412,30452,73.59466383
303,2014,2014/4/17,17454,36.15161558,10789,25.65084045,28921,64.48958659,27323,67.91697738,30935,74.7619508
304,2014,2014/4/25,17210,35.64623032,8848,21.03611422,24997,55.73964233,12455,30.95948297,35837,86.60882595
305,2014,2014/4/26,22412,46.42087821,9311,22.13689641,28514,63.5820363,25985,64.59110117,22973,55.51984146
306,2014,2014/4/28,11268,23.33885667,10440,24.82109317,26475,59.03536547,24064,59.81605767,20650,49.90574702
307,2014,2014/4/29,17023,35.25890638,15518,36.89403485,26207,58.4377648,22692,56.40566741,24338,58.81869593
308,2014,2014/5/7,21075,43.65161558,15834,37.64532465,35643,79.4786603,16462,40.91971166,23963,57.91241723
309,2014,2014/5/8,26332,54.54018227,13455,31.9892537,35814,79.85996521,14900,37.03703704,20878,50.45676446
310,2014,2014/5/9,19118,39.5981773,9037,21.48546159,42312,94.3495518,17576,43.68878946,21818,52.72850307
311,2014,2014/5/10,24634,51.02319801,10742,25.53909798,40468,90.23770236,32070,79.71662938,20507,49.56015274
312,2014,2014/5/22,21677,44.8985087,13095,31.13335394,40768,90.90665834,17826,44.31021626,20698,50.02175069
313,2014,2014/5/23,27091,56.11226181,21389,50.85233352,43447,96.88043527,16220,40.31817052,27558,66.60060902
314,2014,2014/5/24,33413,69.20671085,18358,43.646133,42583,94.95384204,22126,54.99875715,28122,67.96365218
315,2014,2014/5/25,39142,81.07290804,14872,35.35817028,33488,74.6733265,24438,60.74571216,24588,59.42288172
316,2014,2014/5/26,17075,35.36661143,12709,30.21563919,32033,71.42888998,23418,58.21029083,23306,56.32461695
317,2014,2014/5/27,14237,29.48840099,13924,33.1043009,39440,87.94541319,26991,67.0917226,24165,58.40059935
318,2014,2014/5/28,14228,29.46975973,19228,45.71455743,39762,88.66342595,24614,61.18319662,25318,61.18710426
319,2014,2014/5/30,25342,52.48964374,25066,59.59439861,43359,96.68420818,25540,63.48496147,25559,61.76953937
320,2014,2014/5/31,19025,39.40555095,20174,47.96367181,33835,75.44708558,19938,49.56002983,23949,57.87858282
321,2014,2014/6/1,23185,48.02195526,16682,39.66144409,39811,88.77268876,38475,95.63758389,26802,64.77355116
322,2014,2014/6/9,18803,38.94573322,14078,33.4704358,41498,92.53445123,21640,53.79070346,29628,71.60326744
323,2014,2014/6/11,18424,38.16072908,18738,44.54958275,41462,92.45417652,23278,57.86229182,27275,65.91667069
324,2014,2014/6/12,20626,42.72162386,20209,48.04688429,31774,70.85135798,21615,53.72856078,29717,71.81835758
325,2014,2014/6/13,22773,47.16859983,14716,34.98728038,34328,76.54640325,28302,70.35048471,32511,78.57073807
326,2014,2014/6/14,24527,50.80157415,14639,34.80421293,37209,82.97061053,19776,49.15734526,30571,73.88225627
327,2014,2014/6/15,29152,60.38111019,20361,48.40826419,35715,79.63920974,35461,88.14566244,22702,54.86490406
328,2014,2014/6/17,25278,52.35708368,33545,79.75321557,42477,94.71747759,21093,52.43102163,26472,63.97602591
329,2014,2014/6/18,20059,41.54722452,40712,96.79275338,32455,72.36988806,27803,69.11011683,28170,68.07965586
330,2014,2014/7/1,20233,41.9076222,26023,61.86966549,35445,79.03714936,21775,54.12627392,31144,75.26705012
331,2014,2014/7/1,21426,44.37862469,39020,92.77002449,33908,75.60986487,31581,78.50111857,35110,84.85185364
332,2014,2014/7/2,18207,37.71126761,24481,58.20356149,40657,90.65914463,33849,84.13870246,29448,71.16825366
333,2014,2014/7/4,30297,62.75269263,16991,40.39609139,38087,84.92842171,23424,58.22520507,27732,67.02112234
334,2014,2014/7/5,23113,47.87282519,23384,55.59544471,31917,71.170227,22120,54.9838429,31576,76.31108318
335,2014,2014/7/6,23257,48.17108534,21727,51.65592829,36912,82.30834411,33460,83.17176237,32071,77.50737107
336,2014,2014/7/18,28777,59.60439105,28334,67.36406647,36462,81.30491014,29567,73.4949043,32647,78.89941515
337,2014,2014/7/19,28210,58.42999171,24652,58.61011388,42255,94.22245016,23409,58.18791946,30491,73.68891682
338,2014,2014/7/20,26256,54.38276719,23837,56.67245192,42044,93.75195112,30686,76.27641064,28533,68.95693364
339,2014,2014/7/21,18888,39.12178956,18070,42.96141319,41736,93.06515631,20747,51.57096694,23383,56.51070617
340,2014,2014/7/22,20428,42.31151616,15713,37.35764723,40032,89.26548633,24127,59.97265722,28860,69.74720866
341,2014,2014/7/23,23811,49.31855841,14863,35.33677278,37193,82.93493288,28307,70.36291325,34714,83.89482334
342,2014,2014/8/1,28060,58.11930406,16336,38.83882932,41306,92.1063194,35114,87.28312205,36952,89.30349461
343,2014,2014/8/2,27446,56.84755592,27009,64.21387984,39052,87.08023012,27359,68.00646284,36514,88.24496109
344,2014,2014/8/3,23471,48.61433306,28285,67.24756901,42811,95.46224858,21479,53.3905046,31171,75.33230219
345,2014,2014/8/4,17040,35.29411765,18422,43.79829296,41487,92.50992285,27161,67.51429282,31058,75.05921021
346,2014,2014/8/5,21827,45.20919635,18696,44.44972778,41986,93.62261963,21099,52.44593587,36117,87.28551404
347,2014,2014/8/6,18898,39.14250207,22068,52.46665557,42385,94.51233109,20569,51.12851106,26821,64.81946928
348,2014,2014/8/15,22739,47.0981773,27845,66.20146929,43833,97.74115863,31758,78.94108874,25109,60.68200493
349,2014,2014/8/16,29420,60.93620547,27881,66.28705927,41181,91.82758774,13847,34.41958737,28291,68.37208178
350,2014,2014/8/17,25761,53.35749793,22564,53.64589525,40488,90.28229942,17668,43.91747452,32952,79.63652182
351,2014,2014/8/18,17686,36.63214582,18743,44.56147025,40876,91.1474825,17219,42.801392,28728,69.42819856
352,2014,2014/8/19,13307,27.56213753,20785,49.41632391,31940,71.22151362,31341,77.90454884,27818,67.22896225
353,2014,2014/8/20,15137,31.35252693,17123,40.7099213,35722,79.65481871,35089,87.22097937,34495,83.36555658
354,2014,2014/8/26,12462,25.81193041,23296,55.38622477,27523,61.37225171,39009,96.96495153,34567,83.53956209
355,2014,2014/8/27,11976,24.8053024,9990,23.75121847,30758,68.58582705,21536,53.53218991,32013,77.36719996
356,2014,2014/8/28,13016,26.95940348,11739,27.90946482,32603,72.69990635,15771,39.20208799,35575,85.97563923
357,2014,2014/8/29,17071,35.35832643,11935,28.3754547,29751,66.3403648,28673,71.27268208,31455,76.01865726
358,2014,2014/8/30,20556,42.57663629,15531,36.92494235,38341,85.49480444,19191,47.70320656,25559,61.76953937
359,2014,2014/8/31,26336,54.54846727,17367,41.29003115,41190,91.84765642,26627,66.18692518,26358,63.70051718
360,2014,2014/9/8,15517,32.13960232,17957,42.69275576,39395,87.84506979,19065,47.39000746,28943,69.94779835
361,2014,2014/9/9,12150,25.16570008,15116,35.93828012,30758,68.58582705,21390,53.16927666,28033,67.74856204
362,2014,2014/9/10,15046,31.16404308,9489,22.5600913,33213,74.06011684,28904,71.84688044,29394,71.03774953
363,2014,2014/9/11,12314,25.50538525,12637,30.04445924,36810,82.08089908,26425,65.68481233,25110,60.68442167
364,2014,2014/9/13,20106,41.64457332,41039,97.57019567,33077,73.7568568,37945,94.32015909,25578,61.81545749
365,2014,2014/9/13,32429,67.16859983,10458,24.86388816,35178,78.44177853,37074,92.15510813,23983,57.96075209
366,2014,2014/9/14,17044,35.30240265,11735,27.89995483,38805,86.52945636,37212,92.49813572,23719,57.32273189
367,2014,2014/9/25,19587,40.56959403,13796,32.79998098,40501,90.31128752,38475,95.63758389,21778,52.63183334
368,2014,2014/9/26,27416,56.78541839,23131,54.99393738,41462,92.45417652,21640,53.79070346,21914,52.96051042
369,2014,2014/9/27,38160,79.03893952,33025,78.51691591,31774,70.85135798,23278,57.86229182,23477,56.73788003
370,2014,2014/9/28,32266,66.83098592,21400,50.87848601,34328,76.54640325,21615,53.72856078,28924,69.90188023
