year,sum.attendance,BAL,BAL.per,BOS,BOS.per,NYM,NYM.per,NYY,NYY.per,PHI,PHI.per,WSN,WSN.per
2010,231612,48891,100,37084,96.2221069,33672,79.19841942,49293,99.14916727,45438,98.80188741,17234,38.56775204
2010,191312,21148,43.25540488,37022,96.06123508,27940,65.71643617,42372,85.22809558,44157,96.01643871,18673,41.78807206
2010,193323,22499,46.01869465,37143,96.3751946,27502,64.68623577,42145,84.77150213,45245,98.38222184,18789,42.047667
2010,174313,9129,18.67214825,37609,97.58432797,25684,60.41019851,44963,90.43969748,45305,98.51268782,11623,26.01096565
2010,185105,13731,28.08492361,37614,97.5973015,28535,67.1159093,44783,90.077641,45405,98.73013112,15037,33.65111335
2010,181783,10248,20.96091305,37518,97.34820965,32265,75.88907705,45265,91.0471478,45296,98.49311792,11191,25.04419828
2010,200585,20536,42.00364075,37417,97.08614427,36547,85.96057955,45303,91.12358195,45264,98.42353606,15518,34.7275372
2010,193107,17248,35.27847661,37367,96.95640893,27623,64.97083451,41571,83.61694424,45439,98.80406184,23859,53.39375629
2010,195205,26439,54.07743757,38017,98.64296834,24112,56.71276696,43425,87.346126,44817,97.4515645,18395,41.16593935
2010,206965,30668,62.72729132,37102,96.26881162,32012,75.29400696,45195,90.90634806,44890,97.61029811,17098,38.26339935
2010,208516,35164,71.92325786,37404,97.05241308,29724,69.91250353,46347,93.22350953,44261,96.24257975,15616,34.94685017
2010,216580,34255,70.06401996,37411,97.07057602,34681,81.57164362,48271,97.09349103,44831,97.48200657,17131,38.33724964
2010,198901,11448,23.41535252,37601,97.56357032,36764,86.47097563,47734,96.01335586,45193,98.26915132,20161,45.11804856
2010,209135,25902,52.9790759,37639,97.66216917,35641,83.82961709,43283,87.06050366,45371,98.6562004,21299,47.66476446
2010,208923,29545,60.43034505,37898,98.33419824,31606,74.33907235,45483,91.48563843,45007,97.86470678,19384,43.37921003
2010,193263,9715,19.87073285,37138,96.36222107,33024,77.67428733,44634,89.77793869,45140,98.15390637,23612,52.8409981
2010,212988,14686,30.03824835,37618,97.60768033,41382,97.33276884,46599,93.73038861,45325,98.55617648,27378,61.26888218
2010,219521,19153,39.17489927,37609,97.58432797,41422,97.42685107,45706,91.93418618,45341,98.59096741,30290,67.78561038
2010,214324,26279,53.75017897,37198,96.51790348,33026,77.67899144,44976,90.46584601,45310,98.52355998,27535,61.6202305
2010,222632,30070,61.50416232,37426,97.10949663,33223,78.14234641,43059,86.60994448,45080,98.02344039,33774,75.5824102
2010,226762,40001,81.81669428,38144,98.97249611,35903,84.44585568,44465,89.43800788,45353,98.6170606,22896,51.23867069
2010,212737,27774,56.80800147,37940,98.44317592,30042,70.66045724,44927,90.36728619,44852,97.52766966,27202,60.87501399
2010,230877,23171,47.39318075,37945,98.45614946,37165,87.41414997,46883,94.30163328,45398,98.71491009,40315,90.22043191
2010,200152,16451,33.64831973,37956,98.48469123,36612,86.11346317,46159,92.84536165,44098,95.88814717,18876,42.24236321
2010,207809,27064,55.35579145,37581,97.51167618,30086,70.76394769,46832,94.19905061,44479,96.71660614,21767,48.71209578
2010,226543,28554,58.40338713,37337,96.87856772,28072,66.02690752,47135,94.80851235,45120,98.11041771,40325,90.24281079
2010,241154,42248,86.41263218,37386,97.00570835,32365,76.12428262,47414,95.3696999,45254,98.40179173,36487,81.65379881
2010,219401,24848,50.8232599,38021,98.65334717,32363,76.11957851,47204,94.94730067,45202,98.28872122,31763,71.08201857
2010,194597,14821,30.31437279,37230,96.60093409,35045,82.42779189,49073,98.70665379,44836,97.49287873,13592,30.41736601
2010,197416,13720,28.06242458,37459,97.19512195,31319,73.66403236,49240,99.04256175,44510,96.78401357,21168,47.37160121
2010,209862,15397,31.49250373,37452,97.176959,36244,85.24790667,45780,92.08303162,43076,93.66587662,31913,71.41770169
2010,229440,43484,88.94070483,37544,97.41567203,37510,88.22560918,46309,93.14707539,44426,96.6013612,20167,45.13147589
2010,215694,28635,58.56906179,37723,97.88012455,36764,86.47097563,45591,91.70287231,42571,92.56778795,24410,54.62683227
2010,218288,22951,46.94320018,37454,97.18214842,27473,64.61802615,45792,92.10716872,45404,98.72795669,39214,87.75651785
2010,184564,11987,24.51780491,37430,97.11987545,30029,70.62988052,46364,93.25770376,44715,97.22977234,14039,31.41770169
2010,200615,21392,43.75447424,38013,98.63258952,36356,85.51133691,46810,94.15479926,44282,96.28824284,13762,30.79780687
2010,201534,15712,32.13679409,38055,98.7415672,37793,88.89124094,47524,95.59095663,45086,98.03648699,17364,38.85867741
2010,221298,18120,37.06203596,38067,98.77270368,36402,85.61953147,48957,98.47332851,45029,97.9125443,34723,77.70616538
2010,220314,28518,58.32975394,38106,98.87389725,37479,88.15269546,46969,94.47461582,45265,98.4257105,23977,53.65782701
2010,201742,14032,28.70057884,37742,97.92942398,35009,82.34311789,47775,96.09582428,44781,97.37328492,22403,50.13539219
2010,207451,12792,26.16432472,38062,98.75973015,40087,94.28685671,47521,95.58492236,44726,97.2536911,24263,54.29786282
2010,211157,16623,34.00012272,37669,97.74001038,34280,80.62846928,47484,95.51049964,44838,97.4972276,30263,67.72518742
2010,216757,19287,39.44897834,37744,97.93461339,35287,82.99698937,46801,94.13669644,45048,97.95385853,32590,72.93275148
2010,223972,20108,41.12822401,37431,97.12247016,35014,82.35487816,48138,96.82597152,45232,98.35395421,38049,85.14937899
2010,215772,19013,38.88854799,37832,98.16294759,30036,70.64634491,47890,96.32713814,45194,98.27132575,35807,80.13203536
2010,208726,22299,45.6096214,37498,97.29631552,30554,71.86470976,47034,94.60535844,45402,98.72360782,25939,58.04856216
2010,195279,17408,35.60573521,37479,97.24701609,32272,75.90554144,46480,93.49102904,45144,98.1626041,16496,36.91619112
2010,202760,17362,35.51164836,37931,98.41982356,35440,83.35685389,47659,95.86249899,44819,97.45591337,19549,43.74846145
2010,214096,19687,40.26712483,37902,98.34457706,39151,92.08533258,49555,99.67616059,45401,98.72143339,22400,50.12867853
2010,210197,24929,50.98893457,38102,98.86351842,31345,73.72518581,49716,100,44410,96.56657027,21695,48.55096789
2010,192014,14135,28.91125156,38304,99.3876492,27136,63.82538339,49096,98.75291657,45093,98.05170802,18250,40.84144568
2010,190336,12375,25.31140701,37779,98.02542813,27096,63.73130116,49476,99.51725803,45266,98.42788493,18344,41.05180709
2010,193974,14739,30.14665276,37641,97.66735859,28640,67.36287515,46098,92.72266474,44539,96.84707213,22317,49.94293387
2010,194388,11213,22.93469146,37726,97.88790867,30178,70.98033681,46906,94.34789605,45494,98.92365566,22871,51.18272351
2010,208761,14635,29.93393467,37614,97.5973015,33024,77.67428733,48143,96.83602864,44657,97.10365522,30688,68.67628958
2010,205269,18751,38.35266204,37506,97.31707317,32779,77.09803368,46493,93.51717757,44958,97.75815956,24782,55.4593264
2010,208914,23041,47.12728314,37133,96.34924754,35788,84.17536927,48158,96.86620002,44570,96.91447955,20224,45.25903547
2010,191707,14788,30.2468757,37183,96.47898287,31563,74.23793395,46778,94.09043366,45393,98.70403792,16002,35.81067472
2010,188624,18247,37.32179747,37451,97.1743643,24384,57.35252611,46356,93.24161236,45006,97.86253234,17180,38.44690612
2010,201254,26954,55.13080117,37411,97.07057602,29000,68.2096152,44575,89.65926462,45373,98.66054926,17941,40.14993846
2010,185218,13507,27.62676157,37858,98.23040996,28002,65.86226362,45222,90.96065653,43841,95.32931788,16788,37.56965425
2010,189428,18943,38.74537236,37570,97.48313441,33051,77.73779283,44644,89.79805294,44221,96.15560243,10999,24.61452389
2010,201396,28268,57.81841239,37546,97.42086144,33612,79.05729608,44739,89.98913831,45338,98.58444411,11893,26.61519526
2010,183458,16589,33.93058027,37290,96.7566165,24666,58.01580581,47478,95.49843109,45222,98.33220988,12213,27.33131923
2010,195196,13651,27.92129431,37757,97.96834458,28280,66.5161351,47737,96.01939014,45256,98.4061406,22515,50.38603558
2010,223972,32874,67.23936921,37679,97.76595745,38228,89.91438517,46103,92.73272186,45264,98.42353606,23824,53.31543023
2010,225671,48775,99.76273752,37863,98.2433835,24661,58.00404554,47437,95.41596267,45310,98.52355998,21625,48.39431577
2010,213847,39537,80.86764435,37234,96.61131292,30849,72.55856619,46609,93.75050286,45309,98.52138555,14309,32.0219313
2010,210882,20870,42.68679307,37560,97.45718734,41075,96.61068774,46986,94.50881004,45274,98.44528039,19117,42.78169408
2010,218847,36713,75.09153014,37464,97.20809549,31696,74.55075736,47646,95.83635047,45302,98.50616452,20026,44.81593376
2010,219650,35332,72.26687938,37729,97.89569279,35157,82.69122213,49457,99.47904095,45061,97.98212616,16914,37.85162806
2011,228826,46593,95.29974842,37467,97.21587961,24865,58.4838649,49558,99.68219487,45468,98.8671204,24875,55.66744993
2011,179113,12451,25.46685484,37589,97.53243383,25878,60.86649732,40311,81.08254888,45667,99.29983257,17217,38.52970796
2011,186845,20719,42.37794277,37453,97.17955371,16495,38.79715872,40267,80.99404618,45716,99.40637979,26195,58.62146134
2011,200931,36243,74.13020801,37178,96.46600934,25758,60.58425064,41512,83.49827017,45637,99.23459958,14603,32.6798702
2011,187119,21452,43.87719621,37488,97.27036845,27032,63.58076959,42171,84.82379918,45408,98.73665442,13568,30.36365671
2011,179781,13138,26.87202144,37861,98.23819408,27380,64.39928498,40517,81.49690241,45743,99.46508948,15142,33.88609153
2011,189705,12045,24.63643615,37015,96.04307213,32819,77.19211591,40814,82.0942956,45613,99.18241319,21399,47.88855321
2011,193921,13825,28.27718803,37310,96.80851064,26546,62.43767052,41876,84.23042884,45598,99.14979669,28766,64.37506993
2011,188287,16769,34.29874619,37802,98.08510638,25581,60.16793678,40811,82.08826132,45713,99.39985649,21611,48.36298534
2011,204906,39054,79.87973247,37916,98.38090296,22232,52.29090225,40506,81.47477673,45695,99.36071669,19503,43.64551863
2011,202589,25051,51.23846925,37845,98.19667878,32288,75.94317433,40785,82.03596428,44123,95.94250799,22497,50.34575361
2011,184530,18938,38.73514553,37901,98.34198236,23433,55.11572114,40586,81.63569072,45316,98.53660658,18356,41.07866174
2011,196077,15514,31.73181158,37079,96.20913337,35948,84.55169818,40081,80.61992115,45495,98.92583009,21960,49.14400806
2011,197163,21209,43.38017222,37017,96.04826155,31464,74.00508044,40830,82.1264784,45619,99.19545978,21024,47.04934542
2011,190327,20694,42.32680862,37037,96.10015568,26312,61.88728949,42460,85.40510097,44665,97.12105069,19159,42.87568535
2011,191652,18961,38.78218895,37013,96.03788272,23721,55.79311318,43363,87.22141765,45425,98.77361978,23169,51.84961396
2011,200106,16359,33.46014604,37798,98.07472756,24527,57.68887007,41275,83.02156247,45358,98.62793277,34789,77.85386595
2011,183965,11485,23.49103107,37234,96.61131292,26835,63.11741462,41790,84.05744629,45604,99.16284329,21017,47.03368021
2011,208872,19082,39.02967826,37526,97.36896731,33882,79.69235111,48254,97.05929681,45633,99.22590185,24495,54.8170527
2011,208572,20589,42.11204516,37276,96.72029061,29337,69.00225797,48790,98.13742055,45841,99.67818391,26739,59.8388721
2011,212683,24939,51.00938823,37138,96.36222107,30791,72.42214696,46945,94.42634162,45740,99.45856618,27130,60.71388609
2011,199485,24442,49.99284122,37311,96.81110535,24490,57.60184401,47874,96.29495535,45706,99.38463546,19662,44.00134273
2011,226463,33107,67.71593954,37660,97.71665802,26198,61.61915514,48286,97.1236624,45650,99.26286721,35562,79.58375294
2011,226684,33626,68.77748461,37140,96.36741048,25234,59.35177345,48293,97.13774238,45777,99.5390202,36614,81.93801052
2011,202095,14077,28.79262032,37798,98.07472756,28114,66.12569386,41946,84.37122858,44721,97.24281893,35439,79.30849278
2011,189350,22720,46.47072058,37688,97.78930981,21015,49.42845047,41519,83.51235015,44906,97.64508904,21502,48.11905561
2011,195733,18587,38.01722198,37463,97.20550078,29513,69.41621978,43201,86.89556682,45602,99.15849442,21367,47.81694081
2011,204242,20086,41.08322595,37269,96.70212766,31538,74.17913256,48450,97.45353608,45738,99.45421731,21161,47.355936
2011,215570,25431,52.01570841,37321,96.83705241,36213,85.17499294,48845,98.24804892,45361,98.63445607,22399,50.12644064
2011,206501,10556,21.59088585,37485,97.26258433,37019,87.07074984,45679,91.87987771,45424,98.77144535,30338,67.89302898
2011,204819,11760,24.05350678,37796,98.06953814,38813,91.29033776,47048,94.63351838,45880,99.7629868,23522,52.63958823
2011,223109,17900,36.61205539,37833,98.16554229,42020,98.83338037,46791,94.11658219,45628,99.21502968,32937,73.70929842
2011,214531,25541,52.2406987,38175,99.05293202,42042,98.8851256,43457,87.41049159,45685,99.33897236,19631,43.93196822
2011,215218,22032,45.06350862,37903,98.34717177,41513,97.64088814,45969,92.46319092,45785,99.55641566,22016,49.26932975
2011,225639,38976,79.7201939,38422,99.6938246,37304,87.74108571,46028,92.58186499,45863,99.72602144,19046,42.62280407
2011,229102,27809,56.87958929,38072,98.78567722,41166,96.82472481,46900,94.3358275,45714,99.40203092,29441,65.88564395
2011,207688,20556,42.04454808,37745,97.9372081,34695,81.6045724,47894,96.33518384,45612,99.18023875,21186,47.41188318
2011,204130,17405,35.59959911,37404,97.05241308,32411,76.23247719,46450,93.4306863,45810,99.61077649,24650,55.16392525
2011,211607,22780,46.59344256,37981,98.5495589,35448,83.37567034,47787,96.11996138,45637,99.23459958,21974,49.17533848
2011,213980,27372,55.98576425,37729,97.89569279,30770,72.37275379,48103,96.75557165,45853,99.70427711,24153,54.0516952
2011,223303,24835,50.79667014,38205,99.13077322,37416,88.00451595,47350,95.2409687,45383,98.68229359,30114,67.3917422
2011,211711,17754,36.31343192,37688,97.78930981,28862,67.88503152,46921,94.37806742,45072,98.00604492,35414,79.2525456
2011,216005,27924,57.11480641,38048,98.72340426,33297,78.31639853,46188,92.90369298,45241,98.3735241,25307,56.6342173
2011,212202,32314,66.09396412,38115,98.89724961,30607,71.98936871,45586,91.69281519,45640,99.24112288,19940,44.62347544
2011,220811,35174,71.94371152,37650,97.69071095,33556,78.92558096,44365,89.2368654,45740,99.45856618,24326,54.43884973
2011,207802,24823,50.77212575,37460,97.19771666,29853,70.21591871,46132,92.79105318,45646,99.25416948,23888,53.45865503
2011,193727,20311,41.54343335,38329,99.45251687,21814,51.30774297,47090,94.71799823,45809,99.60860206,20374,45.59471859
2011,189886,15676,32.06316091,37822,98.13700052,24619,57.9052592,46499,93.52924612,45762,99.50640371,19508,43.65670807
2011,222903,18770,38.391524,37943,98.45096004,39589,93.11553298,43190,86.87344115,45570,99.08891257,37841,84.6838984
2011,226741,19396,39.67192326,38101,98.86092372,32348,76.08429768,46469,93.46890337,45742,99.46291504,44685,100
2011,211000,13824,28.27514266,38172,99.0451479,24470,57.5548029,46913,94.36197602,45894,99.79342886,41727,93.38032897
2011,195685,17498,35.78981817,38477,99.83653347,28234,66.40794054,46466,93.4628691,45633,99.22590185,19377,43.36354481
2011,187911,14177,28.99715694,38006,98.61442657,25949,61.03349327,46967,94.47059297,45783,99.5520668,17029,38.10898512
2011,189981,18747,38.34448058,37416,97.08354956,22736,53.47633832,47431,95.40389412,45770,99.52379917,17881,40.01566521
2011,189956,21040,43.03450533,38189,99.08925791,19478,45.81334086,47894,96.33518384,45689,99.3476701,17666,39.53451941
2011,210312,21465,43.90378597,38278,99.32018682,29335,68.99755386,47804,96.1541556,45523,98.98671421,27907,62.45272463
2011,220479,24114,49.3219611,38525,99.9610794,30806,72.45742779,47343,95.22688873,44870,97.56680945,34821,77.92547835
2011,205166,18348,37.52837946,37747,97.94239751,27905,65.63411422,47271,95.08206614,44216,96.14473026,29679,66.41826116
2011,208662,32762,67.01028819,37039,96.1053451,21402,50.33869602,46369,93.26776088,45572,99.09326143,25518,57.10641155
2011,202885,18223,37.27270868,37314,96.81888947,25953,61.0429015,47240,95.01971196,45063,97.98647503,29092,65.10462124
2011,190318,10756,21.99995909,37773,98.00985989,27639,65.0084674,47464,95.47027114,45048,97.95385853,21638,48.4234083
2011,190314,14211,29.06669939,38021,98.65334717,30443,71.60363157,45069,90.65290852,44263,96.24692861,18307,40.96900526
2011,226008,33841,69.21723835,38074,98.79086663,33502,78.79856995,44573,89.65524177,45083,98.02996369,30935,69.22904778
2011,185122,11924,24.38894684,38083,98.81421899,27015,63.54078465,40104,80.66618392,45064,97.98864946,22932,51.31923464
2011,202192,13262,27.12564685,37806,98.09548521,25359,59.64578041,46944,94.4243302,45574,99.0976103,33247,74.40304353
2011,192144,14669,30.00347712,37744,97.93461339,22205,52.22739674,45586,91.69281519,45359,98.6301072,26581,59.48528589
2011,217603,24022,49.1337874,38020,98.65075246,32437,76.29363063,49556,99.67817202,44751,97.30805193,28817,64.48920219
2011,230634,31099,63.60884416,37087,96.22989102,33961,79.87816351,49072,98.70464237,45429,98.78231751,33986,76.05684234
2011,231215,27471,56.18825551,38019,98.64815776,32796,77.13801863,49541,99.64800064,45750,99.48031051,37638,84.22960725
2011,225386,22123,45.24963695,37682,97.77374157,30027,70.6251764,49386,99.33622979,45261,98.41701276,40907,91.54526127
2012,211245,25478,52.11184063,37613,97.5947068,28816,67.77683696,46829,94.19301633,45550,99.04542391,26959,60.33120734
2012,198645,24659,50.43668569,37885,98.30046705,23970,56.37877505,41055,82.579049,45397,98.71273565,25679,57.46671142
2012,188088,22919,46.87774846,37414,97.07836015,26927,63.33380374,40218,80.89548636,44365,96.46872078,16245,36.35448137
2012,184826,11058,22.61765969,38004,98.60923716,33844,79.602973,40194,80.84721217,43840,95.32714345,17886,40.02685465
2012,165435,10415,21.30248921,37032,96.08718215,21195,49.85182049,36831,74.08279025,45442,98.81058514,14520,32.49412555
2012,174568,13725,28.07265141,38024,98.66113129,20623,48.50644463,40327,81.11473168,43824,95.29235252,18045,40.38267875
2012,186602,18297,37.42406578,38024,98.66113129,20660,48.59347069,41200,82.87070561,43781,95.1988519,24640,55.14154638
2012,208665,26926,55.07353092,38108,98.87908666,26995,63.49374353,44686,89.88253279,45205,98.29524451,26745,59.85229943
2012,211690,31793,65.02832832,38229,99.19304619,30253,71.15674099,43084,86.66023011,45656,99.27591381,22675,50.74409757
2012,172998,11938,24.41758197,37967,98.513233,20061,47.18458933,37790,76.01174672,45586,99.12370349,19656,43.98791541
2012,195812,19250,39.37329979,36770,95.40736897,22268,52.37557625,39360,79.1696838,43787,95.2118985,34377,76.93185633
2012,209318,26669,54.5478718,37839,98.18111053,22659,53.29523003,37086,74.5957036,45569,99.08673813,39496,88.3876021
2012,215172,32862,67.21482481,37359,96.93565127,29943,70.42760373,38024,76.48242015,43926,95.51414469,33058,73.9800828
2012,197005,29552,60.44466262,37225,96.58796056,24109,56.70571079,37720,75.87094698,44497,96.75574594,23902,53.48998545
2012,186890,16492,33.73217975,37223,96.58277115,24498,57.62066046,37226,74.87730308,45509,98.95627215,25942,58.05527582
2012,205448,24055,49.20128449,37581,97.51167618,28745,67.609841,43954,88.41016976,45356,98.6235839,25757,57.64126664
2012,206030,16392,33.52764312,37394,97.02646601,28361,66.70665161,41631,83.73762974,45572,99.09326143,36680,82.08571109
2012,225611,27806,56.87345319,37348,96.9071095,32122,75.55273309,42015,84.5100169,43989,95.65113397,42331,94.73201298
2012,223315,28954,59.22153362,37438,97.14063311,25487,59.94684354,45302,91.12157052,44216,96.14473026,41918,93.80776547
2012,225586,26714,54.63991328,38048,98.72340426,30064,70.71220246,45622,91.76522649,44096,95.8837983,41042,91.84737608
2012,220203,33919,69.37677691,37611,97.58951738,27069,63.66779565,39229,78.90618714,44329,96.39044119,38046,85.14266532
2012,219518,46611,95.33656501,37334,96.8707836,27914,65.65528272,37674,75.77842143,43729,95.08578138,26256,58.75797247
2012,217665,45267,92.58759281,37292,96.76180592,23559,55.41208016,40407,81.27564567,43805,95.25103829,27335,61.17265302
2012,196553,15618,31.94452967,37594,97.54540737,25830,60.75359865,40537,81.5371309,44878,97.58420492,32096,71.82723509
2012,220550,23238,47.53022029,38099,98.8557343,34716,81.65396557,38370,77.17837316,44721,97.24281893,41406,92.6619671
2012,222256,29995,61.35075985,37844,98.19408407,27988,65.82933484,39891,80.23775042,45096,98.05823132,41442,92.74253105
2012,244868,45891,93.86390133,37921,98.39387649,40134,94.39740333,48566,97.68686137,44521,96.80793233,27835,62.29159673
2012,233029,46298,94.69636538,37216,96.5646082,29014,68.24254398,48575,97.7049642,44441,96.63397769,27485,61.50833613
2012,234934,41794,85.48403592,37195,96.51011936,32587,76.64643899,49010,98.57993403,44797,97.40807584,29551,66.13181157
2012,215355,24296,49.69421775,37629,97.63622211,29855,70.22062282,42709,85.90594577,43881,95.4162952,36985,82.76826676
2012,218441,18055,36.92908715,37181,96.47379346,40191,94.53147051,41219,82.90892268,45989,100,35806,80.12979747
2012,216505,17676,36.15389335,37243,96.63466528,42122,99.07329006,45094,90.70319414,44551,96.87316532,29819,66.7315654
2012,219408,24779,50.68212964,37307,96.80072652,42364,99.64248753,42290,85.06315874,43717,95.05968819,28951,64.78907911
2012,211297,16689,34.13511689,37309,96.80591593,42516,100,43006,86.50333897,43745,95.12057231,28032,62.73246056
2012,216726,35566,72.74549508,37534,97.38972496,28687,67.47342177,45099,90.71325127,44715,97.22977234,25125,56.22692179
2012,223240,43215,88.39050132,37467,97.21587961,28409,66.81955029,44041,88.58516373,43766,95.1662354,26342,58.95043079
2012,218413,30439,62.25890246,37701,97.823041,27956,65.75406906,46895,94.32577038,43762,95.15753767,31660,70.85151617
2012,209504,17592,35.98208259,37362,96.94343539,26096,61.37924546,48324,97.20009655,43741,95.11187458,36389,81.43448585
2012,207524,19582,40.05236138,37261,96.68137001,25920,60.96528366,47873,96.29294392,42660,92.76131249,34228,76.5984111
2012,207423,21301,43.56834591,37281,96.73326414,30806,72.45742779,47789,96.12398423,41501,90.24114462,28745,64.3280743
2012,222276,21143,43.24517805,37782,98.03321225,33503,78.80092201,46679,93.8913026,43122,93.76590054,40047,89.62067808
2012,205666,19698,40.28962386,37565,97.47016087,31184,73.34650485,42819,86.12720251,44233,96.18169562,30167,67.51035023
2012,196756,21184,43.32903806,37208,96.54385054,26735,62.88220905,44975,90.46383458,42877,93.23316445,23777,53.21024952
2012,207857,15433,31.56613692,37755,97.96315516,35517,83.53796218,45986,92.49738515,44341,96.41653439,28825,64.50710529
2012,211020,17312,35.40938005,37744,97.93461339,28968,68.13434942,49571,99.70834339,45091,98.04735915,32334,72.3598523
2012,210301,21226,43.41494345,38066,98.77010898,26193,61.60739486,49573,99.71236624,41794,90.8782535,33449,74.85509679
2012,199530,17277,35.33779223,37791,98.05656461,28985,68.17433437,43052,86.59586451,41972,91.26530257,30453,68.15038604
2012,203950,20935,42.81974187,38170,99.03995848,25101,59.03895004,42821,86.13122536,42096,91.53493227,34827,77.93890567
2012,226373,26204,53.5967765,38270,99.29942916,30388,71.47426851,44593,89.69547027,44256,96.23170758,42662,95.47275372
2012,206481,22269,45.54826042,38334,99.4654904,24891,58.54501835,45872,92.26808271,41227,89.64534997,33888,75.83752937
2012,206147,25483,52.12206746,37771,98.00467047,23833,56.05654342,47067,94.67173546,42882,93.24403662,29111,65.1471411
2012,204088,25754,52.6763617,38413,99.67047224,27633,64.99435507,45878,92.28015126,43141,93.80721477,23269,52.07340271
2012,202582,25082,51.3018756,38093,98.84016606,22204,52.22504469,45676,91.87384343,42028,91.38707082,29499,66.01544142
2012,190600,10955,22.40698697,38170,99.03995848,22544,53.02474363,44533,89.57478478,40394,87.83404727,34004,76.09712431
2012,194921,12841,26.26454767,37737,97.91645044,25513,60.00799699,45921,92.36664253,41813,90.91956772,31096,69.58934766
2012,193153,13098,26.79020679,37784,98.03840166,29906,70.34057766,47645,95.83433905,41505,90.24984235,23215,51.95255679
2012,180585,10141,20.74205887,37275,96.7176959,24071,56.61633267,49422,99.40864108,42028,91.38707082,17648,39.49423744
2012,222002,46298,94.69636538,37213,96.55682408,25603,60.219682,49466,99.49714378,42178,91.71323577,21244,47.54168065
2012,216332,40861,83.57570923,37191,96.49974053,23161,54.47596199,48620,97.79547832,44052,95.78812325,22447,50.23385924
2012,222147,46067,94.22388579,37285,96.74364297,21923,51.56411704,42962,86.41483627,45377,98.66924699,28533,63.85364216
2012,216156,40346,82.52234563,37914,98.37571354,22596,53.14705052,42472,85.42923807,43968,95.60547087,28860,64.58543135
2012,194762,23828,48.73698636,37019,96.05345096,21205,49.87534105,46010,92.54565935,42304,91.98721433,24396,54.59550185
2012,189724,26076,53.33496963,37316,96.82407888,20527,48.28064729,43352,87.19929198,41440,90.10850421,21013,47.02472866
2012,205861,25130,51.40005318,38416,99.67825636,21741,51.1360429,46122,92.77093893,44070,95.82726304,30382,67.99149603
2012,212304,22277,45.56462335,37716,97.8619616,20010,47.06463449,46501,93.53326897,45307,98.51703668,40493,90.61877588
2012,204232,31015,63.4370334,37794,98.06434873,25446,59.85040926,45200,90.91640518,39475,85.83574333,25302,56.62302786
2012,219604,30205,61.78028676,37373,96.97197717,30332,71.34255339,46856,94.2473248,39451,85.78355694,35387,79.19212264
2012,214227,33518,68.55658506,37829,98.15516347,26923,63.32439552,43489,87.47485719,35393,76.95970776,37075,82.96967663
2012,203543,41257,84.38567425,37228,96.59574468,22072,51.91457334,39859,80.17338483,38715,84.18317424,24412,54.63130805
2013,201932,40704,83.25458673,37103,96.27140633,25286,59.47408035,39997,80.45096146,34256,74.48737742,24586,55.02070046
2013,193897,34431,70.42400442,37188,96.49195641,22890,53.8385549,40511,81.48483386,34092,74.1307704,24785,55.46604006
2013,207483,14670,30.00552249,37506,97.31707317,31506,74.10386678,40759,81.98366723,41050,89.26047533,41992,93.97336914
2013,191750,13591,27.79857233,37156,96.40892579,24935,58.6485088,41564,83.60286427,35115,76.35521538,39389,88.14814815
2013,192331,13986,28.60649199,37107,96.28178516,28474,66.97243391,47393,95.32745997,35385,76.94231229,29986,67.1052926
2013,203037,45248,92.54873085,37226,96.59055527,29780,70.04421865,35033,70.46624829,31002,67.41177238,24748,55.38323822
2013,182284,11168,22.84264998,37437,97.1380384,26675,62.74108571,41851,84.18014321,32158,69.92541695,32995,73.83909589
2013,181327,13272,27.14610051,37230,96.60093409,24325,57.21375482,34154,68.69820581,33443,72.71956337,38903,87.06053486
2013,184822,12921,26.42817697,38134,98.94654904,26225,61.68266065,34107,68.60366884,36978,80.40618409,36457,81.58666219
2013,178428,12344,25.24800065,37731,97.9008822,21135,49.71069715,36033,72.47767318,36292,78.91452304,34893,78.08660624
2013,181074,19096,39.05831339,37570,97.48313441,24130,56.75510396,31445,63.24925577,40091,87.17519407,28742,64.32136064
2013,213197,32418,66.30668221,37310,96.80851064,24851,58.45093612,36151,72.71502132,45276,98.44962926,37191,83.22927157
2013,213751,38061,77.84868381,37045,96.12091334,21582,50.76206605,40258,80.97594336,39689,86.301072,37116,83.06143001
2013,218299,37704,77.11848807,37247,96.64504411,29248,68.79292502,36872,74.16525867,38440,83.58520516,38788,86.8031778
2013,196502,24133,49.36082306,37008,96.02490919,28990,68.18609465,34262,68.9154397,43129,93.78112157,28980,64.85397784
2013,197426,29040,59.39743511,30862,80.0778412,23394,55.02399097,34301,68.99388527,41817,90.92826545,38012,85.06657715
2013,190058,26725,54.6624123,27704,71.88375714,21470,50.49863581,34117,68.62378309,41009,89.17132358,39033,87.35146022
2013,212655,39129,80.03313493,35198,91.32848988,20147,47.38686612,38090,76.61517419,38831,84.43540847,41260,92.33523554
2013,205585,30665,62.72115522,37449,97.16917488,23038,54.18665914,41349,83.17040792,37420,81.36728348,35664,79.81201746
2013,215305,46249,94.59614244,35152,91.20913337,23183,54.52770722,38134,76.70367688,41114,89.39963904,31473,70.43303122
2013,218878,38945,79.65678755,31483,81.68915413,30415,71.53777401,41267,83.00547108,40613,88.3102481,36155,80.91082019
2013,214674,39182,80.14153934,33270,86.32589517,27622,64.96848245,34081,68.55137179,38932,84.6550262,41587,93.06702473
2013,188903,15514,31.73181158,28926,75.05448884,27296,64.2017123,40008,80.47308713,38643,84.02661506,38516,86.19447242
2013,211105,22834,46.70389233,29006,75.26206539,32911,77.40850503,45577,91.67471237,44990,97.82774142,35787,80.08727761
2013,208291,25964,53.10588861,29274,75.95744681,31877,74.97647944,43681,87.86105077,38188,83.03724804,39307,87.96464138
2013,184617,20098,41.10777035,30093,78.08251168,20338,47.83610876,44207,88.91906026,39594,86.09450086,30287,67.77889672
2013,206592,39158,80.09245055,29312,76.05604567,21747,51.15015524,45141,90.79773111,40062,87.11213551,31172,69.7594271
2013,226186,42422,86.7685259,34726,90.10378827,21581,50.75971399,48784,98.125352,45725,99.42594968,32948,73.73391518
2013,211715,41311,84.49612403,36527,94.77685522,23331,54.87581146,43613,87.72427388,42044,91.42186175,24889,55.69878035
2013,178892,20924,42.79724285,30549,79.26569798,25471,59.90921065,40007,80.47107571,37044,80.54969667,24897,55.71668345
2013,183540,18082,36.98431204,29969,77.76076803,32213,75.76677016,36208,72.82967254,38148,82.95027072,28920,64.7197046
2013,205370,33036,67.57071854,31571,81.91748832,27004,63.51491203,42477,85.4392952,33061,71.88892996,38221,85.53429562
2013,221491,46607,95.32838355,36543,94.81837052,30256,71.16379716,40604,81.67189637,33502,72.84785492,33979,76.04117713
2013,213920,40878,83.61048046,35532,92.19512195,28363,66.71135572,41320,83.1120766,34513,75.0462067,33314,74.55298199
2013,195517,24619,50.35487104,35254,91.47379346,26426,62.15542384,37649,75.72813581,40086,87.1643219,31483,70.45541009
2013,218431,29160,59.64287906,34074,88.41203944,33366,78.47869038,41123,82.71582589,41562,90.37378504,39146,87.6043415
2013,211679,21857,44.70556953,36504,94.71717696,22240,52.30971869,46013,92.55169362,43249,94.04205353,41816,93.57950095
2013,213028,42660,87.25532307,33463,86.82667359,21500,50.56919748,46054,92.63416204,40151,87.30566005,29200,65.34631308
2013,219646,34748,71.07238551,32035,83.12143228,41257,97.03876188,42138,84.75742216,36492,79.34940964,32976,73.79657603
2013,207682,39063,79.89814076,33296,86.39335755,24224,56.9761972,43396,87.28779467,34067,74.07640958,33636,75.27358174
2013,230323,44765,91.56081896,35352,91.72807473,35021,82.37134255,42678,85.8435916,33645,73.15879884,38862,86.96878147
2013,209180,32891,67.27414043,34499,89.51478983,26722,62.85163233,40218,80.89548636,41161,89.5018374,33689,75.39218977
2013,199699,24904,50.93780041,36518,94.75350285,32127,75.56449337,35057,70.51452249,37235,80.96501337,33858,75.77039275
2013,197532,25265,51.67617762,37054,96.1442657,25111,59.0624706,35797,72.00297691,36841,80.10828676,37464,83.84021484
2013,179113,17909,36.63046368,33430,86.74104826,24355,57.28431649,35781,71.97079411,36171,78.65141664,31467,70.41960389
2013,205744,25947,53.07111738,35710,92.65697976,28194,66.31385831,40381,81.22334862,42510,92.43514754,33002,73.85476111
2013,208981,35231,72.0602974,34632,89.85988583,31032,72.98899238,40247,80.95381768,36964,80.37574203,30875,69.09477453
2013,203734,30759,62.91341965,36383,94.40321744,25095,59.02483771,40301,81.06243463,42082,91.5044902,29114,65.15385476
2013,210676,31438,64.30222331,37437,97.1380384,25658,60.34904507,43131,86.75476708,40336,87.70793016,32676,73.1252098
2013,208205,31089,63.5883905,37425,97.10690192,27581,64.87204817,44486,89.48024781,35269,76.69007806,32355,72.40684794
2013,190100,22238,45.48485406,36498,94.70160872,26618,62.60701853,43424,87.34411457,34018,73.96986236,27304,61.10327851
2013,197808,25044,51.22415168,36911,95.77322263,25863,60.83121648,47714,95.97312736,31619,68.75339755,30657,68.60691507
2013,191003,26158,53.50268966,38130,98.93617021,22935,53.9443974,46545,93.62177166,32619,70.92783057,24616,55.08783708
2013,204417,28323,57.93090753,37601,97.56357032,37023,87.08015806,42439,85.36286105,34637,75.3158364,24394,54.59102607
2013,211183,36761,75.18970772,38138,98.95692787,35636,83.81785681,37146,74.71638909,36128,78.55791602,27374,61.25993063
2013,200796,33834,69.20292078,34609,89.80020758,32084,75.46335497,35013,70.42601979,30248,65.77224989,35008,78.3439633
2013,197804,33820,69.17428566,36514,94.74312403,25784,60.64540408,38379,77.19647598,28826,62.68020614,34481,77.16459662
2013,187827,17383,35.55460105,37242,96.63207058,25700,60.4478314,44682,89.87448709,31495,68.48376786,31325,70.10182388
2013,192313,26253,53.69699945,34578,89.71977167,20174,47.45037162,40248,80.95582911,37088,80.64537172,33972,76.02551192
2013,185235,23653,48.37904727,35059,90.96782564,20307,47.76319503,36140,72.69289565,36330,78.99715149,33746,75.51974936
2013,185622,25697,52.55977583,35886,93.11364816,20151,47.39627434,40116,80.69032102,38706,84.16360434,25066,56.09488643
2013,180991,20141,41.19572109,37652,97.69590036,20484,48.17950889,42836,86.16139673,29242,63.58477027,30636,68.55991944
2013,184432,24659,50.43668569,37941,98.44577063,25175,59.21300216,40361,81.18312012,30351,65.99621649,25945,58.06198948
2013,192015,16772,34.30488229,38143,98.9699014,32237,75.82321949,40125,80.70842385,29986,65.20254844,34752,77.77106412
2013,187091,27498,56.2434804,37517,97.34561495,25165,59.18948161,33215,66.80947783,28872,62.78023006,34824,77.93219201
2013,199176,30774,62.94410014,36226,93.99584847,24343,57.25609182,36082,72.576233,36650,79.69297006,35101,78.55208683
2013,223565,36556,74.77040764,31962,82.93201868,23698,55.7390159,44117,88.73803202,44398,96.54047707,42834,95.85767036
2013,232375,44230,90.46654804,33300,86.40373638,22897,53.85501929,49046,98.65234532,45061,97.98212616,37841,84.6838984
2014,188313,22327,45.66689166,36063,93.57291126,21350,50.21638912,43078,86.64816156,31168,67.77272826,34327,76.81996196
2014,182039,30446,62.27322002,37363,96.9460301,25276,59.45055979,41734,83.9448065,25492,55.43064646,21728,48.62481817
2014,203797,39281,80.3440306,37053,96.14167099,41891,98.52996519,42420,85.32464398,22283,48.45289091,20869,46.70247287
2014,200588,22611,46.24777566,36188,93.89724961,35845,84.30943645,49197,98.95607048,27760,60.36226054,28987,64.86964306
2014,188889,22478,45.97574196,32071,83.21484172,25424,59.79866403,43407,87.30992035,34272,74.52216834,31237,69.90488978
2014,200449,34941,71.46714119,33720,87.49351323,26928,63.3361558,37260,74.94569153,26516,57.65726587,41084,91.94136735
2014,208819,38368,78.47661124,37542,97.41048262,33199,78.08589707,48675,97.90610669,23382,50.84259279,27653,61.88430122
2014,185085,17836,36.48115195,37510,97.327452,31476,74.03330511,48142,96.83401722,25750,55.99165018,24371,54.53955466
2014,188074,28290,57.86341044,37137,96.35962636,33131,77.92595729,39412,79.2742779,28189,61.2950923,21915,49.04330312
2014,181957,28875,59.05994968,35030,90.89257914,20382,47.93959921,42821,86.13122536,31945,69.46226271,22904,51.25657379
2014,188083,26264,53.71949848,38540,100,20220,47.55856619,44121,88.74607772,33441,72.71521451,25497,57.05941591
2014,222701,45944,93.97230574,36436,94.5407369,22669,53.31875059,48572,97.69892992,37490,81.51949379,31590,70.69486405
2014,179706,24517,50.14624368,37215,96.56201349,21171,49.79537115,46081,92.68847051,25275,54.95879449,25447,56.94752154
2014,181780,29950,61.25871837,37569,97.4805397,21492,50.55038103,36569,73.55579693,26057,56.65920111,30143,67.45664093
2014,217396,36727,75.12016527,37020,96.05604567,26861,63.17856807,40073,80.60382975,41959,91.23703494,34756,77.78001567
2014,191737,18894,38.64514941,36728,95.29839128,30036,70.64634491,38358,77.15423606,33308,72.42601492,34413,77.01242028
2014,213935,39602,81.00059316,35958,93.30046705,28926,68.03556308,40908,82.28336954,27316,59.39681228,41225,92.25690948
2014,215360,36873,75.41878873,35842,92.99948106,35577,83.67908552,40028,80.51331563,30075,65.39607297,36965,82.72350901
2014,215646,37649,77.00599292,34142,88.5884795,40133,94.39505127,43121,86.73465283,36096,78.48833417,24505,54.83943158
2014,171238,28076,57.42570207,33585,87.14322782,22288,52.42261737,33580,67.54364792,27254,59.26199743,26455,59.20331207
2014,208887,44202,90.40927778,36408,94.46808511,23721,55.79311318,43325,87.14498351,32287,70.20591881,28944,64.7734139
2014,197839,38244,78.22298583,37689,97.79190451,23416,55.07573619,41122,82.71381447,23691,51.5144926,33677,75.36533512
2014,176242,19729,40.35303021,33947,88.08251168,24551,57.74531941,46517,93.56545177,26668,57.98777969,24830,55.56674499
2014,195989,24184,49.46513673,37513,97.33523612,26439,62.18600056,45958,92.44106525,30236,65.74615669,31659,70.84927828
2014,212243,25886,52.94635004,37015,96.04307213,29309,68.93640041,47353,95.24700298,37516,81.57602905,35164,78.69307374
2014,179280,17403,35.59550838,37356,96.92786715,20263,47.65970458,35406,71.21650978,36039,78.36439148,32813,73.43180038
2014,216850,44031,90.05952016,34794,90.28022833,34839,81.94326842,46858,94.25134765,31037,67.48787754,25291,56.5984111
2014,188829,33901,69.33996032,33465,86.831863,20206,47.52563741,42245,84.97264462,25398,55.22624976,33614,75.22434822
2014,208994,46469,95.04612301,35621,92.42605086,20170,47.4409634,44346,89.19864832,29372,63.86744656,33016,73.88609153
2014,173499,17931,36.67546174,34850,90.42553191,22155,52.10979396,42449,85.3829753,26154,56.87012112,29960,67.04710753
2014,184239,20596,42.12636273,37042,96.11312922,28085,66.05748424,41539,83.55257865,31524,68.54682642,25453,56.96094886
2014,200697,15614,31.9363482,35649,92.49870265,38269,90.01081946,37734,75.89910693,41238,89.66926874,32193,72.04431017
2014,220489,34895,71.37305435,36004,93.41982356,38987,91.69959545,41834,84.14594899,32161,69.93194025,36608,81.92458319
2014,202367,32665,66.81188767,37072,96.19097042,25751,60.56778625,41342,83.15632794,24860,54.05640479,40677,91.03054716
2014,177072,13478,27.56744595,37225,96.58796056,23367,54.96048546,40169,80.79692654,23360,50.79475527,39473,88.33613069
2014,217585,35575,72.76390338,37608,97.58173326,30377,71.4483959,46197,92.9217958,34168,74.29602731,33660,75.32729104
2014,204049,30417,62.2139044,35006,90.83030618,24418,57.432496,47165,94.8688551,38100,82.84589793,28943,64.77117601
2014,224330,45389,92.83712749,36116,93.71043072,25213,59.30238028,47493,95.52860246,28845,62.72152036,41274,92.36656596
2014,221361,46667,95.45110552,36018,93.45614946,20836,49.0074325,48522,97.59835868,30845,67.0703864,38473,86.09824326
2014,205932,34483,70.53036346,36189,93.89984432,20671,48.61934331,48433,97.41934186,33215,72.22379265,32941,73.71824997
2014,195773,36882,75.43719703,36292,94.16709912,21327,50.16229184,36052,72.51589026,30094,65.4373872,35126,78.60803402
2014,194353,27195,55.62373443,35820,92.94239751,25914,60.95117132,35866,72.14176523,30185,65.63526061,39373,88.11234195
2014,198563,24974,51.08097605,37076,96.20134925,28187,66.29739392,42343,85.16976426,27334,59.43595208,38649,86.49211145
2014,217554,39487,80.76537604,37688,97.78930981,26525,62.38827735,47372,95.28522005,30109,65.4700037,36373,81.39867965
2014,213303,36508,74.67223006,37750,97.95018163,27069,63.66779565,47606,95.75589347,28648,62.29315706,35722,79.94181493
2014,213419,35217,72.03166227,35772,92.81785158,37647,88.54784081,43115,86.72258428,33258,72.31729327,28410,63.57838201
2014,216960,43743,89.47045468,37181,96.47379346,28905,67.98616991,45278,91.07329632,25698,55.87857966,36155,80.91082019
2014,208741,40894,83.64320632,37356,96.92786715,33687,79.23370025,37669,75.76836431,29097,63.26947748,30038,67.22166275
2014,207160,27779,56.8182283,35693,92.61286975,32408,76.22542102,37585,75.59940462,31514,68.52508208,42181,94.39632986
2014,210522,34018,69.57926817,36835,95.57602491,27187,63.94533823,45105,90.72531982,26691,58.03779165,40686,91.05068815
2014,198685,37587,76.87918022,36489,94.67825636,21364,50.2493179,44237,88.97940301,32307,70.24940747,26701,59.75383238
2014,200042,15516,31.73590231,37814,98.11624286,22782,53.58453288,46166,92.85944163,39153,85.1355759,38611,86.40707172
2014,191239,16406,33.55627825,36748,95.35028542,25016,58.83902531,45063,90.64083997,31061,67.54006393,36945,82.67875126
2014,198120,20762,42.46589352,37055,96.1468604,30744,72.31160034,41603,83.68130984,26076,56.70051534,41880,93.72272575
2014,173529,16915,34.59736966,35714,92.66735859,27938,65.71173205,40078,80.61388688,31592,68.69468786,21292,47.64909925
2014,178389,27464,56.17393794,36468,94.62376751,22406,52.70015994,40067,80.5917612,25157,54.7022114,26827,60.0358062
2014,187639,30322,62.01959461,35811,92.91904515,22014,51.77815411,47013,94.56311851,28366,61.67996695,24113,53.9621797
2014,206988,40905,83.66570534,35114,91.11053451,22154,52.1074419,46152,92.83128168,30352,65.99839092,32311,72.30838089
2014,179929,15021,30.72344603,35345,91.70991178,25250,59.38940634,40015,80.48716711,30580,66.49416165,33718,75.45708851
2014,184713,21114,43.18586243,36218,93.97509081,28053,65.98221846,42102,84.68501086,23089,50.20548392,34137,76.39476334
2014,199058,31871,65.18786689,37547,97.42345615,27159,63.87948067,41767,84.01118352,25238,54.87834047,35476,79.39129462
2014,208250,44231,90.4685934,37878,98.2823041,21710,51.06312917,43811,88.122536,33183,72.15421079,27437,61.40091753
2014,206335,43947,89.88770939,37439,97.14322782,21035,49.47549158,43366,87.22745193,23140,50.31638,37408,83.71489314
2014,178903,25061,51.25892291,37974,98.53139595,21111,49.65424781,40334,81.12881165,25315,55.04577181,29108,65.14042744
2014,191354,35297,72.19529157,38275,99.3124027,25792,60.66422053,40007,80.47107571,26535,57.6985801,25448,56.94975943
2014,205569,37537,76.77691191,38203,99.12558381,28849,67.85445479,44708,89.92678413,27039,58.79449434,29233,65.42016337
2014,201947,39079,79.93086662,37782,98.03321225,31553,74.2144134,36284,72.98254083,26163,56.88969101,31086,69.56696878
2014,207683,38329,78.39684195,37302,96.78775298,23027,54.16078653,48110,96.76965162,30201,65.67005153,30714,68.73447466
