x,year,date,CHC,CHC_per,CIN,CIN_per,MIL,MIL_per,PIT,PIT_per,STL,STL_per
3,2010,2010/4/12,41306,97.47958654,27235,63.6495361,33294,73.51940997,14758,37.34878777,46918,98.79137539
6,2010,2010/4/14,39565,93.37093501,12965,30.29984342,37848,83.57549795,25196,63.76474161,35883,75.5558831
9,2010,2010/4/16,37291,88.00443668,12203,28.5190119,38634,85.31113368,13860,35.07617553,35371,74.47780679
12,2010,2010/4/17,40471,95.50903856,13261,30.99160999,25892,57.17440269,9386,23.75360632,40101,84.43737893
15,2010,2010/4/18,39506,93.23169868,15183,35.48341864,24365,53.80249967,12192,30.85488688,43709,92.03444791
30,2010,2010/4/26,37850,89.32364186,19999,46.73864778,30678,67.74279027,13634,34.50422635,40007,84.23945085
32,2010,2010/4/27,37440,88.3560674,17694,41.35174928,30175,66.63207172,10972,27.76737359,35257,74.23776636
34,2010,2010/4/28,36660,86.515316,14350,33.53665662,41706,92.0946871,11053,27.97236423,35587,74.93262023
35,2010,2010/4/29,36850,86.96370416,13813,32.28166117,43069,95.10444729,11085,28.05334818,35693,75.15581572
37,2010,2010/4/30,37800,89.20564497,16798,39.25775316,37023,81.75374288,16473,41.68902161,39561,83.30034532
39,2010,2010/5/1,40368,95.26596498,20030,46.81109631,27363,60.42264718,25047,63.38766007,39850,83.90886886
41,2010,2010/5/2,38144,90.01746354,26404,61.70744818,30151,66.57907521,17342,43.88824214,41536,87.45894045
56,2010,2010/5/10,38266,90.30537594,20402,47.68047863,34355,75.8622974,9045,22.89062105,43292,91.15640529
60,2010,2010/5/11,38007,89.69415207,27568,64.42777349,32773,72.36894404,9027,22.84506757,35875,75.53903815
65,2010,2010/5/12,38637,91.18091282,41326,96.58089696,36559,80.72914366,20064,50.77693982,36342,76.52236166
68,2010,2010/5/14,39082,92.2310851,26712,62.42725934,30082,66.42671024,9526,24.10791112,39026,82.1738398
71,2010,2010/5/15,41336,97.55038467,12409,29.00044404,30326,66.9655081,13975,35.36721162,38005,80.02400404
75,2010,2010/5/16,40636,95.89842828,13385,31.2814041,36363,80.29633882,22470,56.86592094,36345,76.52867851
77,2010,2010/5/17,35760,84.39137207,14471,33.81943958,33099,73.08881332,26519,67.112922,40766,85.83761476
80,2010,2010/5/18,37029,87.38613301,18137,42.3870621,39791,87.86600715,23045,58.32110138,37861,79.72079508
94,2010,2010/5/25,34749,82.00547506,16834,39.34188693,36059,79.62504968,20235,51.20969783,44111,92.88090626
97,2010,2010/5/26,35828,84.55184783,36038,84.22258057,36995,81.69191362,11334,28.68350458,44091,92.8387939
99,2010,2010/5/27,33868,79.92636994,18457,43.13491785,33362,73.66956675,17817,45.09034772,42417,89.31398972
102,2010,2010/5/28,39536,93.30249681,13011,30.40734768,35898,79.26953142,36687,92.84557372,40782,85.87130464
105,2010,2010/5/30,41353,97.59050361,14700,34.35462385,30087,66.43775118,24068,60.91005719,37414,78.77958393
127,2010,2010/6/11,41129,97.06187757,19241,44.96716446,41655,91.98206951,12768,32.31259807,39295,82.74025099
130,2010,2010/6/12,40397,95.33440317,25847,60.40571175,41995,92.73285342,12693,32.12279192,43261,91.09113114
133,2010,2010/6/13,40456,95.4736395,34240,80.02056603,27908,61.62610961,15218,38.51293213,44180,93.02619389
136,2010,2010/6/15,34390,81.15825742,23747,55.49790834,32907,72.66484123,23170,58.63744496,40467,85.20803504
140,2010,2010/6/16,36244,85.53358191,22639,52.90845778,30114,66.49737226,28478,72.0706585,40269,84.79112272
144,2010,2010/6/17,36942,87.18081843,23083,53.94610764,36185,79.90328137,38008,96.18869262,40020,84.26682389
146,2010,2010/6/18,39729,93.75796479,25585,59.79340485,30896,68.22417524,29845,75.53019183,40083,84.39947781
149,2010,2010/6/19,40008,94.41638741,37757,88.23996822,29387,64.89201961,25323,64.08614668,43682,91.97759623
152,2010,2010/6/20,39850,94.04351725,25877,60.47582323,34590,76.38122157,30339,76.78038164,42271,89.00656953
164,2010,2010/6/28,38512,90.88592061,22090,51.62541775,27767,61.31475511,38052,96.30004555,41578,87.5473764
168,2010,2010/6/29,36914,87.11474017,26679,62.35013672,38588,85.20955704,28698,72.62742319,38736,81.56321065
172,2010,2010/6/30,37391,88.24043045,27245,63.67290659,34598,76.39888707,23273,58.89811206,40302,84.8606081
176,2010,2010/7/2,40361,95.24944541,37188,86.9101872,34822,76.89352118,36665,92.78989725,43028,90.60052219
179,2010,2010/7/3,40677,95.99518573,25159,58.79782187,41987,92.71518792,16638,42.10659513,43276,91.1227154
183,2010,2010/7/4,41079,96.94388068,21243,49.64593704,31945,70.54056441,12375,31.31801387,38581,81.23683989
191,2010,2010/7/15,40879,96.47189314,22876,53.46233845,32286,71.29355651,13202,33.41094296,41771,87.95376063
195,2010,2010/7/16,40622,95.86538915,37868,88.49938068,38365,84.71713112,13532,34.24608999,44074,92.8029984
198,2010,2010/7/17,40924,96.57809034,23115,54.02089322,33952,74.97239765,18715,47.36295996,43667,91.94601196
202,2010,2010/7/18,39333,92.82342946,40373,94.35368903,39410,87.02468754,18611,47.09976211,40743,85.78918555
206,2010,2010/7/19,35514,83.81082739,41611,97.24695599,39339,86.8679062,36967,93.55418333,40253,84.75743283
213,2010,2010/7/21,38533,90.9354793,40871,95.51753955,29633,65.43523385,18800,47.57807359,38712,81.51267582
220,2010,2010/7/23,40687,96.0187851,36353,84.95875108,35029,77.35061608,15172,38.39651769,41089,86.5177293
222,2010,2010/7/24,41009,96.77868504,36964,86.38668817,29611,65.38665371,13623,34.47638812,40062,84.35525983
225,2010,2010/7/25,41406,97.71558031,33364,77.9733109,34808,76.86260655,20420,51.67788632,44534,93.77158258
236,2010,2010/8/2,37731,89.04280927,29571,69.10888312,27976,61.7762664,17131,43.35425419,45783,96.4014992
241,2010,2010/8/4,38425,90.68060603,37445,87.51080885,40056,88.45117696,30711,77.72182011,43338,91.25326371
246,2010,2010/8/6,40696,96.04002454,29849,69.75858281,32126,70.94024643,38147,96.54046667,43369,91.31853786
249,2010,2010/8/7,41227,97.29315146,36219,84.64558648,39055,86.24078082,22716,57.48848509,41958,88.34751116
251,2010,2010/8/8,39016,92.07532921,41292,96.50143729,30545,67.44910127,13396,33.90190818,41596,87.58527752
267,2010,2010/8/16,36814,86.8787464,30809,72.00215009,32333,71.39734134,14156,35.82527712,45546,95.90246778
269,2010,2010/8/17,33664,79.44494265,14589,34.09521139,32130,70.94907919,12242,30.98142431,46313,97.51747663
274,2010,2010/8/19,30687,72.41940813,19218,44.91341233,37782,83.42975754,15783,39.94280508,44074,92.8029984
277,2010,2010/8/20,39345,92.85174871,16412,38.35565215,35733,78.90518041,23695,59.96608797,45380,95.55293523
281,2010,2010/8/21,41099,96.99107944,24908,58.21122251,35190,77.70613435,28759,72.78179886,41400,87.17257643
285,2010,2010/8/22,37518,88.54014254,36101,84.36981467,33149,73.19922272,24730,62.58541277,43822,92.27238272
300,2010,2010/8/30,29538,69.70783971,26617,62.20523966,34298,75.73643068,12393,31.36356734,44477,93.65156237
302,2010,2010/8/31,31369,74.02888564,12060,28.18481385,30975,68.39862209,13302,33.66401782,42638,89.77933126
304,2010,2010/9/1,33555,79.18770944,16973,39.66673678,41463,91.55809743,12686,32.10507668,43540,91.6785985
306,2010,2010/9/3,31424,74.15868221,19923,46.56103204,37317,82.40295014,19734,49.94179278,44597,93.9042365
311,2010,2010/9/5,40788,96.25713881,22090,51.62541775,30024,66.29863534,30263,76.58804474,43963,92.56927483
314,2010,2010/9/6,31647,74.68494832,30151,70.46437168,22761,50.26056618,18057,45.69772739,40509,85.29647098
317,2010,2010/9/7,31596,74.56459149,14760,34.49484681,27004,59.6299077,15330,38.79637597,41145,86.6356439
320,2010,2010/9/8,33623,79.34818521,17558,41.03391058,31212,68.92196264,11070,28.01538695,38252,80.54409164
344,2010,2010/9/21,36364,85.81677444,28844,67.40984833,34325,75.79605176,13113,33.18570633,37806,79.6049861
347,2010,2010/9/22,37285,87.99027706,28173,65.84168828,29059,64.16773396,22939,58.05284203,40205,84.65636318
350,2010,2010/9/23,34481,81.37301175,37582,87.8309846,24117,53.25486905,25981,65.75137926,37885,79.77132991
352,2010,2010/9/24,36553,86.26280266,21312,49.80719344,24645,54.4207923,18331,46.3911525,38592,81.26000168
355,2010,2010/9/25,39316,92.78331052,26418,61.74016687,34310,75.76292894,15478,39.17092676,38315,80.67674556
358,2010,2010/9/26,38057,89.81214896,12777,29.86047816,42478,93.79940821,11785,29.8248722,38112,80.24930515
384,2011,2011/4/18,36597,86.36663992,12994,30.36761785,31907,70.45665327,15802,39.99088931,36739,77.35829192
389,2011,2011/4/20,35095,82.8220135,14915,34.85708944,37065,81.84648677,22279,56.38254796,36293,76.41918639
390,2011,2011/4/20,35544,83.88162553,17319,40.47535582,32323,71.37525946,25350,64.15447689,39633,83.4519498
394,2011,2011/4/22,36595,86.36192005,27051,63.21951904,35794,79.03987987,23208,58.7336134,42409,89.29714478
397,2011,2011/4/23,41161,97.13739557,40286,94.15036575,37062,81.83986221,29192,73.877613,34965,73.62292597
400,2011,2011/4/24,32943,77.74342757,26941,62.96244362,33848,74.7427461,18043,45.66229691,32340,68.09567927
405,2011,2011/4/25,37417,88.30178883,12005,28.05627615,27058,59.74914985,8755,22.15670395,33714,70.98879811
407,2011,2011/4/26,38261,90.29357625,32972,77.05718759,22861,50.48138498,10517,26.61588298,36160,76.13913922
420,2011,2011/5/6,35471,83.70935007,41307,96.53649302,25652,56.64443757,18262,46.21653085,41877,88.17695612
423,2011,2011/5/7,37666,88.88941332,24672,57.65967889,32837,72.51026807,9520,24.09272663,38201,80.43670513
431,2011,2011/5/10,34249,80.82550621,16981,39.68543317,42422,93.67574968,12457,31.52553525,32635,68.71683652
434,2011,2011/5/11,34439,81.27389437,18861,44.07908575,37059,81.83323765,9832,24.88232019,32689,68.83053988
435,2011,2011/5/12,32559,76.8372115,16543,38.6618056,33361,73.66735857,9048,22.89821329,34324,72.27322496
438,2011,2011/5/13,37433,88.33954784,26018,60.80534717,42240,93.27385947,12728,32.21136812,38509,81.08523541
460,2011,2011/5/24,35707,84.26629537,21564,50.39612985,42605,94.07984808,32299,81.74064888,35552,74.85892361
463,2011,2011/5/25,36666,86.52947562,22213,51.9128748,22906,50.58075343,17946,45.41681429,40229,84.706898
464,2011,2011/5/26,33378,78.77000047,31402,73.38802029,24722,54.59082277,11373,28.78220378,40125,84.48791375
465,2011,2011/5/27,34105,80.48567518,40324,94.23917362,34419,76.00362143,13497,34.15751379,34884,73.45237093
467,2011,2011/5/28,38413,90.65228678,28327,66.20159387,37034,81.77803295,12910,32.67196437,34567,72.78489009
469,2011,2011/5/29,37464,88.4127059,22568,52.74252729,42512,93.8744866,24396,61.74014273,35298,74.32409669
475,2011,2011/6/1,31340,73.96044744,24921,58.24160415,43035,95.0293689,37958,96.06215519,36409,76.66343805
502,2011,2011/6/13,39070,92.20276585,31367,73.30622356,27064,59.76239898,25124,63.58252771,40849,86.01238103
503,2011,2011/6/14,39151,92.3939208,32026,74.84633901,26114,57.66462041,16873,42.70132105,37748,79.48286027
504,2011,2011/6/15,39821,93.97507906,31688,74.05641637,30632,67.64121362,21497,54.40350256,35775,75.32847637
505,2011,2011/6/16,40024,94.45414641,32618,76.22987216,33240,73.40016782,33861,85.69367819,40419,85.10696538
508,2011,2011/6/17,42219,99.63420966,41173,96.22332843,41930,92.5893212,39441,99.81525535,43195,90.95216036
510,2011,2011/6/18,42236,99.6743286,40010,93.50534016,42692,94.27196043,35505,89.85422888,40701,85.7007496
514,2011,2011/6/19,41828,98.71147402,41367,96.67671598,35495,78.37963167,12378,31.32560611,40674,85.64389792
536,2011,2011/6/27,40854,96.4128947,40440,94.51027133,40079,88.50196529,14015,35.46844157,43102,90.75633791
537,2011,2011/6/28,38360,90.52721008,41580,97.17450747,39632,87.51490527,12468,31.55337349,41660,87.72003706
538,2011,2011/6/28,39157,92.40808043,34948,81.6751969,39819,87.92783642,24653,62.39054512,40095,84.42474522
539,2011,2011/6/29,37221,87.83924104,41238,96.37523663,43980,97.11610652,39273,99.39008959,36520,76.89716163
540,2011,2011/6/30,38158,90.05050267,40204,93.95872771,41624,91.91361569,26452,66.94336185,40532,85.34490019
542,2011,2011/7/1,41486,97.90437532,24841,58.05464021,41622,91.90919931,15555,39.3657944,37724,79.43232544
544,2011,2011/7/2,42165,99.50677302,34118,79.73544603,34014,75.1093053,22447,56.80771372,40289,84.83323507
546,2011,2011/7/3,42311,99.85132393,41192,96.26773236,36470,80.53261494,33806,85.55448702,36542,76.94348522
566,2011,2011/7/14,38145,90.01982348,33036,77.20675875,34102,75.30362584,19418,49.14207623,40551,85.38490693
567,2011,2011/7/15,38391,90.60036815,25480,59.54801468,39050,86.22973988,39330,99.53434226,36090,75.99174598
570,2011,2011/7/16,40709,96.07070373,27552,64.39038071,43119,95.21485669,39483,99.92154679,37223,78.37741093
572,2011,2011/7/17,37634,88.81389531,23616,55.19175489,39183,86.52342887,39511,99.99240775,35274,74.27356186
574,2011,2011/7/18,38183,90.10950111,25400,59.36105074,39233,86.63383827,36942,93.49091461,37160,78.24475701
576,2011,2011/7/19,38857,91.70009912,29016,67.8118208,40008,88.34518394,18151,45.93561776,42745,90.00463236
578,2011,2011/7/20,37864,89.35668098,40402,94.42146346,41672,92.01960871,18910,47.85645594,35299,74.32620231
581,2011,2011/7/22,39855,94.05531694,37864,88.49003248,44306,97.8359758,37140,93.99200283,38074,80.16929167
583,2011,2011/7/23,40486,95.54443763,27055,63.22886723,41738,92.16534911,39235,99.29392114,35588,74.93472585
587,2011,2011/7/24,40406,95.35564261,17378,40.61324172,41619,91.90257475,31428,79.53636686,35679,75.12633707
616,2011,2011/8/5,42245,99.69556804,20546,48.01701372,39393,86.98714835,22016,55.71696108,38794,81.68533648
618,2011,2011/8/6,41978,99.06546467,28346,66.2459978,41906,92.53632469,26058,65.9462469,42042,88.52438305
620,2011,2011/8/7,39619,93.49837164,31374,73.32258291,41820,92.34642053,25207,63.79257985,43784,92.19236924
623,2011,2011/8/9,37109,87.57492802,35286,82.46511954,43214,95.42463454,38490,97.40851344,43960,92.56295797
625,2011,2011/8/10,38010,89.70123189,35089,82.00472084,45103,99.5959016,39102,98.95733158,40626,85.54282827
628,2011,2011/8/11,34733,81.96771605,30423,71.10004908,38551,85.12785408,35402,89.59356178,38397,80.84940622
647,2011,2011/8/19,42343,99.92684193,28415,66.4072542,37083,81.88623416,22248,56.30409475,38302,80.64937253
649,2011,2011/8/20,42374,100,21360,49.9193718,42804,94.51927748,26109,66.07531508,36181,76.1833572
651,2011,2011/8/21,39420,93.02874404,19317,45.1447802,42873,94.67164245,19106,48.35248266,40172,84.58687779
655,2011,2011/8/22,37061,87.46165101,18567,43.39199327,41661,91.99531864,29317,74.19395657,38748,81.58847806
657,2011,2011/8/23,36639,86.4657573,21438,50.10166164,44091,97.36121539,37766,95.57625146,35198,74.11353491
660,2011,2011/8/24,37098,87.54896871,19874,46.44651663,41883,92.48553637,39251,99.33441312,37062,78.03840647
661,2011,2011/8/25,36136,85.27870864,19159,44.77552642,42384,93.59183854,35601,90.09718075,32959,69.39905668
679,2011,2011/9/3,36628,86.43979799,18304,42.77734932,38073,84.07234024,19766,50.02277674,36503,76.86136612
681,2011,2011/9/4,40469,95.50431869,23792,55.60307556,41646,91.96219582,20943,53.00146783,40480,85.23540807
684,2011,2011/9/5,41341,97.56218436,32506,75.96812265,43283,95.57699951,22296,56.42557068,35812,75.40638423
686,2011,2011/9/6,35297,83.29872091,39766,92.93510014,42967,94.87921212,36620,92.67601356,38429,80.91678599
690,2011,2011/9/7,36797,86.83862746,37845,88.44562855,42388,93.60067129,37826,95.72809637,36970,77.84468963
711,2011,2011/9/16,35318,83.34827961,21168,49.47065835,37120,81.96793711,29967,75.83894316,41839,88.09694264
712,2011,2011/9/17,39377,92.92726672,23847,55.73161327,38302,84.57801528,19377,49.03831553,41647,87.69266403
714,2011,2011/9/18,36250,85.54774154,20875,48.78590292,44584,98.44985205,19380,49.04590778,42043,88.52648867
717,2011,2011/9/19,35076,82.77717468,20672,48.31148192,44520,98.30852802,21411,54.18585818,35397,74.53255285
719,2011,2011/9/20,36571,86.30528154,19051,44.5231251,43347,95.71832354,13366,33.82598573,38891,81.8895814
722,2011,2011/9/21,30965,73.07547081,17115,39.99859777,41222,91.02592413,9840,24.90256618,37129,78.17948286
738,2012,2012/4/11,34044,80.34171898,17317,40.47068172,41864,92.4435808,12330,31.20413018,40689,85.67548219
739,2012,2012/4/12,36311,85.69169774,29486,68.91023394,41976,92.69089785,24527,62.0716708,39710,83.61408237
750,2012,2012/4/20,37782,89.16316609,32971,77.05485055,27159,59.97217683,19071,48.26390646,37746,79.47864904
752,2012,2012/4/21,38405,90.63340728,16868,39.42134661,30189,66.66298635,13278,33.60327985,40658,85.61020804
756,2012,2012/4/23,37794,89.19148534,23288,54.42520274,30091,66.44658393,16544,41.86870476,35992,75.78539544
760,2012,2012/4/24,38894,91.78741681,37255,87.0667695,39188,86.53446981,12520,31.68497241,40355,84.97220585
765,2012,2012/4/25,34894,82.34766602,42294,98.84316063,42611,94.0930972,23632,59.80665081,42571,89.63825486
778,2012,2012/5/4,37332,88.10119413,28361,66.28105354,36291,80.13734929,37388,94.61962849,41469,87.31786406
780,2012,2012/5/5,39874,94.10015576,17606,41.14608895,38686,85.42595946,28758,72.77926811,46882,98.71557315
783,2012,2012/5/7,36307,85.68225799,26438,61.78690785,26778,59.13085722,23509,59.49536873,46792,98.52606755
786,2012,2012/5/8,38523,90.91187993,20411,47.70151207,27157,59.96776046,30437,77.028395,44952,94.65173082
789,2012,2012/5/9,31904,75.29145231,23312,54.48129192,28108,62.06774721,10484,26.53236827,35562,74.87997979
805,2012,2012/5/16,38678,91.27767027,29597,69.1696464,27090,59.81981186,15218,38.51293213,35907,75.60641792
806,2012,2012/5/17,37986,89.64459338,35314,82.53055692,40097,88.54171267,25934,65.63243407,40049,84.3278868
808,2012,2012/5/18,34937,82.44914334,29368,68.63446213,42339,93.49247008,20445,51.74115503,43063,90.67421882
809,2012,2012/5/19,40228,94.9355737,19906,46.5213022,42167,93.11266175,33019,83.56278787,42586,89.66983913
812,2012,2012/5/20,38374,90.56024921,16859,39.40031316,32421,71.59166188,20042,50.72126335,45824,96.48782953
837,2012,2012/5/28,38452,90.74432435,23106,53.99985978,42398,93.62275317,10323,26.12491775,36345,76.52867851
839,2012,2012/5/29,35219,83.11464577,38563,90.1236299,33064,73.01152674,11478,29.04793238,35987,75.77486735
841,2012,2012/5/30,38516,90.89536036,42443,99.19138096,31644,69.87589984,15381,38.92544415,40601,85.49018782
863,2012,2012/6/12,41164,97.14447539,34056,79.59054897,30451,67.2415316,19878,50.30622058,45190,95.15286785
866,2012,2012/6/13,41326,97.52678529,24758,57.86066512,37691,83.22881244,34187,86.51870223,44157,92.97776468
868,2012,2012/6/14,42292,99.80648511,27428,64.1005866,33055,72.99165305,27517,69.6386091,45729,96.28779584
870,2012,2012/6/15,40073,94.56978336,34193,79.91072472,39603,87.45086782,14556,36.83757656,44276,93.22833319
872,2012,2012/6/16,40766,96.20522018,33531,78.36359812,34334,75.81592545,15794,39.97064332,45538,95.88562284
885,2012,2012/6/25,34092,80.45499599,34513,80.65858048,28071,61.98604425,25731,65.11869211,40360,84.98273393
888,2012,2012/6/26,34064,80.38891773,34485,80.5931431,27112,59.868392,29914,75.70481348,39151,82.43704203
890,2012,2012/6/27,35837,84.57308727,32986,77.08990628,30123,66.51724595,38132,96.50250544,40715,85.73022825
891,2012,2012/6/29,32891,77.62071081,28906,67.55474538,32759,72.33802941,27486,69.56015589,40135,84.50896993
895,2012,2012/6/30,37906,89.45579837,40217,93.98910935,43021,94.99845427,14792,37.43483322,43375,91.33117157
897,2012,2012/7/1,37389,88.23571058,37583,87.83332165,32223,71.15444067,12077,30.56385079,44476,93.64945675
919,2012,2012/7/13,36878,87.02978241,39280,91.79929421,33077,73.04023318,16782,42.47102293,42659,89.82354923
922,2012,2012/7/14,38068,89.83810827,27735,64.81806072,38030,83.97738816,36069,91.28157109,42098,88.64229765
925,2012,2012/7/15,36659,86.51295606,19142,44.73579658,41647,91.96440401,39312,99.48878878,41694,87.79162806
931,2012,2012/7/17,34397,81.17477699,26077,60.94323307,38605,85.24709623,25752,65.17183783,40972,86.27137202
933,2012,2012/7/18,34934,82.44206353,21620,50.5270046,28674,63.31758159,19936,50.453004,40045,84.31946433
936,2012,2012/7/19,32741,77.26672016,30247,70.68872841,33178,73.26326017,19878,50.30622058,43464,91.51857155
955,2012,2012/7/27,40778,96.23353943,40090,93.6923041,31910,70.46327783,21563,54.57053196,42001,88.43805272
956,2012,2012/7/28,41276,97.40878841,32884,76.85152726,27443,60.59930221,37965,96.07987043,42018,88.47384823
958,2012,2012/7/29,39534,93.29777694,28140,65.76456566,35025,77.34178333,38734,98.0260161,41680,87.76214941
965,2012,2012/8/1,33014,77.91098315,20356,47.57297436,42029,92.80793181,35179,89.02920484,45382,95.55714647
984,2012,2012/8/9,33397,78.81483929,20527,47.97260978,35430,78.23609946,21041,53.2494812,37162,78.24896825
985,2012,2012/8/10,36891,87.0604616,22396,52.34055482,30128,66.52828689,21516,54.45158678,37821,79.63657037
988,2012,2012/8/11,40602,95.8181904,40829,95.41938349,30491,67.32985912,36827,93.19987852,39456,83.07925545
990,2012,2012/8/12,35461,83.6857507,41577,97.16749632,37753,83.36572009,21386,54.12258946,41701,87.80636739
992,2012,2012/8/13,31452,74.22476047,38624,90.26618991,33176,73.25884379,37565,95.06757099,42338,89.14764592
995,2012,2012/8/14,33376,78.7652806,26113,61.02736685,35858,79.1812039,37543,95.01189452,41751,87.91164828
1000,2012,2012/8/15,33714,79.56293954,26082,60.95491832,41890,92.50099368,28954,73.27529483,46721,98.37656869
1019,2012,2012/8/24,31255,73.75985274,23137,54.0723083,28131,62.11853553,37193,94.12613251,41312,86.98728207
1022,2012,2012/8/25,35296,83.29636098,35332,82.57262381,30011,66.2699289,39411,99.73933289,38436,80.93152531
1026,2012,2012/8/26,32346,76.33454477,28754,67.19951389,32217,71.14119154,34203,86.55919421,43786,92.19658048
1029,2012,2012/8/27,32541,76.79473262,41615,97.25630419,31319,69.15823875,27586,69.81323075,43424,91.43434684
1031,2012,2012/8/28,30017,70.83824987,36162,84.51237468,41213,91.00605044,32497,82.24173711,42411,89.30135602
1033,2012,2012/8/29,33271,78.51748714,41680,97.40821239,33788,74.61025482,33935,85.88095359,42806,90.13307504
1034,2012,2012/8/30,28859,68.10544202,31564,73.76662226,30117,66.50399682,24213,61.27701574,38195,80.42407142
1035,2012,2012/8/31,32476,76.64133667,22487,52.5532263,39163,86.47926512,22655,57.33410943,37841,79.67868273
1038,2012,2012/9/1,32477,76.64369661,17806,41.6134988,43386,95.80444287,25175,63.71159589,36607,77.08035037
1040,2012,2012/9/2,39760,93.83112286,19267,45.02792774,42224,93.23852846,20558,52.02712962,41505,87.3936663
1064,2012,2012/9/14,26946,63.5908812,23785,55.58671621,28776,63.54281676,38702,97.94503214,42036,88.51174935
1066,2012,2012/9/16,33559,79.1971492,35018,81.83879034,30743,67.88632248,39485,99.92660829,40274,84.8016508
1068,2012,2012/9/17,33017,77.91806296,33438,78.14625254,33877,74.80678355,35352,89.46702435,38652,81.38633875
1070,2012,2012/9/18,32547,76.80889225,16577,38.74126528,32060,70.79450603,24670,62.43356785,41293,86.94727533
1072,2012,2012/9/19,31001,73.16042856,19620,45.85290612,32728,72.26957559,22729,57.52138483,36906,77.70993009
1075,2012,2012/9/20,25891,61.10114693,21203,49.55245507,34395,75.95062492,26522,67.12051425,32810,69.08531963
1078,2012,2012/9/22,40298,95.10076934,35397,82.72453201,27382,60.46460275,25073,63.45345953,34587,72.82700244
1081,2012,2012/9/23,33354,78.71336197,41117,96.09245367,37847,83.57328976,37197,94.1362555,33572,70.68980039
1096,2012,2012/10/1,32167,75.91211592,32932,76.96370563,38216,84.38811112,37460,94.80184238,36758,77.39829866
1100,2012,2012/10/2,33168,78.27441356,18155,42.42912898,38677,85.40608577,36626,92.69119806,38689,81.46424661
1103,2012,2012/10/3,27606,65.14844008,20570,48.0731029,41716,92.11676898,16700,42.26350154,40313,84.8837699
1106,2013,2013/4/8,40083,94.59338273,23411,54.7126598,34294,75.72759793,17492,44.26785443,43412,91.40907942
1108,2013,2013/4/9,30065,70.95152688,32514,75.98681904,38443,84.88936978,19398,49.09146125,35370,74.47570117
1111,2013,2013/4/11,25460,60.08401378,17387,40.63427516,30398,67.12449764,12785,32.35562079,35198,74.11353491
1113,2013,2013/4/12,30996,73.14862888,15544,36.32709341,30714,67.82228503,14159,35.83286936,30343,63.89076055
1116,2013,2013/4/13,34778,82.07391325,16467,38.48418986,37733,83.32155633,32699,82.75294832,40952,86.22925966
1118,2013,2013/4/14,33326,78.64728371,26112,61.0250298,29075,64.20306496,35661,90.24902566,34108,71.81841152
1124,2013,2013/4/16,29344,69.2500118,35645,83.30412022,29362,64.83681491,28671,72.55909298,30090,63.35803925
1129,2013,2013/4/18,26083,61.55425497,28882,67.4986562,29161,64.39296913,15492,39.20635724,38648,81.37791628
1146,2013,2013/4/29,32169,75.9168358,18090,42.27722078,28346,62.59329594,14697,37.19441211,40422,85.11328224
1149,2013,2013/4/30,31303,73.87312975,24021,56.13825983,37123,81.97456167,34796,88.05992813,39919,84.05415649
1151,2013,2013/5/1,34832,82.20134988,16426,38.38837084,21255,46.93503511,38623,97.745103,35422,74.5851933
1154,2013,2013/5/2,32865,77.55935243,19308,45.12374676,24154,53.33657201,32814,83.04398441,39062,82.24964204
1156,2013,2013/5/3,32579,76.88441025,25730,60.13227699,22204,49.03060549,15009,37.98400567,34788,73.25023162
1160,2013,2013/5/4,36455,86.03152877,32640,76.28128725,40068,88.47767522,15727,39.80108316,39166,82.46862629
1162,2013,2013/5/5,33449,78.93755605,33251,77.70922433,36156,79.83924392,20615,52.17138229,42264,88.9918302
1165,2013,2013/5/6,32618,76.97644782,41678,97.40353829,38620,85.28021905,24366,61.66422028,40084,84.40158342
1169,2013,2013/5/7,30161,71.1780809,38813,90.70789222,22467,49.61135892,25118,63.56734322,38480,81.02417249
1172,2013,2013/5/8,26354,62.19379808,40716,95.15529692,22616,49.94037893,10539,26.67155945,39644,83.4751116
1181,2013,2013/5/13,35080,82.78661443,40909,95.60634743,28287,62.46301285,9570,24.21926406,47345,99.69047419
1184,2013,2013/5/14,38123,89.96790485,41321,96.56921171,26384,58.26083116,11288,28.56709015,37731,79.44706477
1186,2013,2013/5/15,38083,89.87350734,38822,90.72892566,36963,81.6212516,18705,47.33765248,34882,73.44815969
1191,2013,2013/5/17,34890,82.33822627,28812,67.33506275,33874,74.80015899,29313,74.18383358,42528,89.5477133
1194,2013,2013/5/18,38766,91.48534479,18498,43.23073687,40410,89.2328755,20873,52.82431543,44696,94.11269266
1197,2013,2013/5/19,34258,80.84674565,27031,63.17277805,44626,98.54259595,26404,66.82188591,42645,89.79407058
1214,2013,2013/5/29,31279,73.81649124,38874,90.85045222,38617,85.27359449,29975,75.85918915,44090,92.83668828
1217,2013,2013/5/30,31968,75.44248832,40740,95.2113861,21023,46.4227355,24186,61.20868553,40909,86.1387181
1218,2013,2013/5/31,24645,58.16066456,38023,88.86162331,24230,53.50439429,12973,32.83140153,41470,87.31996968
1220,2013,2013/6/1,31465,74.25543966,35138,82.11923625,25912,57.21856644,18877,47.77294124,36681,77.23616609
1225,2013,2013/6/2,29667,70.01227168,37519,87.6837505,21581,47.65490439,11872,30.04504732,37535,79.03436368
1236,2013,2013/6/7,31614,74.60707037,39088,91.35058076,31417,69.37464117,11556,29.24533077,39821,83.84780595
1238,2013,2013/6/8,38405,90.63340728,28892,67.52202669,38300,84.5735989,13554,34.30176646,37800,79.5923524
1240,2013,2013/6/9,31858,75.18289517,28993,67.75806866,32594,71.9736784,16434,41.59032242,43050,90.64684578
1243,2013,2013/6/10,28052,66.20097229,36567,85.45887962,41221,91.02371594,29743,75.27205547,40881,86.0797608
1244,2013,2013/6/11,30937,73.00939255,40929,95.65308841,30172,66.62544716,32925,83.3248975,38412,80.88099048
1246,2013,2013/6/12,24749,58.40609808,30702,71.75208582,28061,61.96396237,28471,72.05294326,38143,80.3145793
1247,2013,2013/6/13,28986,68.4051541,27509,64.28988759,31792,70.20271165,12675,32.07723845,44068,92.79036469
1262,2013,2013/6/21,33119,78.15877661,40757,95.25111594,32519,71.8080643,24552,62.13493952,39426,83.01608692
1264,2013,2013/6/22,38870,91.73077831,33596,78.51550632,31619,69.82069514,19980,50.56435694,42410,89.2992504
1266,2013,2013/6/23,35121,82.88337188,34965,81.71492673,39677,87.61427373,20834,52.72561624,39878,83.96782616
1282,2013,2013/7/5,38615,91.12899419,32669,76.34906167,25341,55.95769112,35730,90.42364731,43477,91.54594458
1286,2013,2013/7/6,36590,86.35012036,40831,95.42405758,25369,56.01952038,33912,85.82274637,42175,88.80443022
1289,2013,2013/7/7,33146,78.22249493,34728,81.16104606,35239,77.81433556,29407,74.42172395,42359,89.19186389
1296,2013,2013/7/9,31579,74.52447255,40824,95.40769824,30316,66.94342622,19966,50.52892646,38042,80.1019119
1299,2013,2013/7/10,31111,73.42002171,39095,91.3669401,37446,82.68780639,36878,93.3289467,39222,82.58654089
1302,2013,2013/7/11,35379,83.4922358,41598,97.21657435,30073,66.40683655,37263,94.30328491,43798,92.22184789
1303,2013,2013/7/12,37322,88.07759475,39618,92.58921685,30348,67.01408824,38438,97.27691451,44172,93.00934894
1305,2013,2013/7/13,42240,99.68376835,34640,80.95538573,28242,62.36364439,35351,89.4644936,44139,92.93986356
1306,2013,2013/7/14,35178,83.01788833,29746,69.51786674,25551,56.42141059,30301,76.68421319,43878,92.39029731
1325,2013,2013/7/29,32848,77.51923349,30288,70.78454743,34372,75.89983659,33197,84.01326112,43651,91.91232208
1328,2013,2013/7/30,34996,82.58837967,34777,81.27556148,34824,76.89793755,35328,89.40628638,45228,95.23288133
1329,2013,2013/7/31,29817,70.36626233,38567,90.1329781,35690,78.81022833,23743,60.0875639,44651,94.01793986
1332,2013,2013/8/1,34005,80.24968141,20349,47.55661502,35055,77.40802897,24560,62.1551855,44063,92.7798366
1333,2013,2013/8/2,32520,76.74517393,20092,46.95599336,36076,79.66258888,23474,59.40679253,46177,97.23111261
1339,2013,2013/8/3,40490,95.55387738,23297,54.44623618,33037,72.95190567,39036,98.79030217,45475,95.75296892
1343,2013,2013/8/4,38409,90.64284703,21166,49.46598425,37046,81.8045312,37490,94.87776484,43741,92.10182768
1359,2013,2013/8/12,33277,78.53164676,34230,79.99719554,34175,75.46482357,32084,81.19653794,43836,92.30186137
1360,2013,2013/8/13,33286,78.5528862,33430,78.12755615,32972,72.80837345,17402,44.04008706,44313,93.30624105
1362,2013,2013/8/14,33642,79.39302402,33743,78.85905256,38093,84.116504,33861,85.69367819,43929,92.49768382
1367,2013,2013/8/16,35258,83.20668334,32951,77.00810956,37028,81.76478382,31679,80.17158475,45288,95.35921839
1371,2013,2013/8/17,41981,99.07254448,20219,47.25279862,32340,71.41279866,31999,80.98142431,44033,92.71666807
1372,2013,2013/8/18,33830,79.83669231,23894,55.84145458,28175,62.2156958,37487,94.8701726,44780,94.28956456
1376,2013,2013/8/19,31290,73.84245056,21418,50.05492066,29733,65.65605264,38424,97.24148403,44317,93.31466352
1379,2013,2013/8/20,30975,73.09907018,33778,78.94084928,23252,51.34478647,37980,96.11783165,45567,95.94668576
1382,2013,2013/8/21,31936,75.36697031,40799,95.34927201,25558,56.43686791,27907,70.62560105,42464,89.41295376
1385,2013,2013/8/22,29393,69.36564875,34041,79.55549323,29041,64.12798657,28173,71.29878018,41770,87.95165502
1399,2013,2013/8/30,27763,65.5189503,22920,53.56516862,39665,87.58777547,33646,85.14956724,43523,91.642803
1403,2013,2013/8/31,36410,85.92533157,21396,50.00350557,25929,57.25610564,39091,98.92949334,42664,89.83407732
1406,2013,2013/9/1,31859,75.18525511,22088,51.62074365,26725,59.01382326,37982,96.12289315,43908,92.45346585
1408,2013,2013/9/2,26978,63.66639921,21269,49.70670032,24464,54.02111028,37518,94.9486258,43240,91.04691316
1412,2013,2013/9/3,30024,70.85476943,28887,67.51034144,22506,49.69747825,23801,60.23434732,40243,84.73637665
1416,2013,2013/9/6,25351,59.82678057,26223,61.28444226,24632,54.39208585,20634,52.21946652,40644,85.58072939
1419,2013,2013/9/7,34929,82.43026384,40107,93.73203393,21625,47.75206466,23747,60.0976869,41502,87.38734945
1448,2013,2013/9/20,29539,69.71019965,40707,95.13426348,37148,82.02976637,38026,96.23424609,37363,78.67219742
1451,2013,2013/9/21,34612,81.68216359,40142,93.81383066,35008,77.30424414,39514,100,41134,86.6124821
1455,2013,2013/9/22,30515,72.01349884,30502,71.28467597,27389,60.48006006,23541,59.57635269,43633,91.87442096
1458,2013,2013/9/23,32289,76.20002832,35356,82.62871299,27469,60.6567151,35962,91.01078099,44009,92.66613324
1461,2013,2013/9/24,34138,80.56355312,17756,41.49664633,42828,94.57227399,37534,94.98911778,35159,74.03141582
1463,2013,2013/9/25,26171,61.76192949,18462,43.1466031,32152,70.99765932,36559,92.5216379,35201,74.11985176
1472,2014,2014/4/5,30651,72.33445037,16825,39.32085349,27090,59.81981186,20633,52.21693577,35698,75.16634381
1474,2014,2014/4/8,26177,61.77608911,17579,41.08298862,27470,60.65892329,22520,56.99245837,40608,85.50492715
1476,2014,2014/4/9,28247,66.66116015,21847,51.05751478,26668,58.88795654,27640,69.94989118,45110,94.98441843
1478,2014,2014/4/10,25502,60.18313117,16779,39.21334923,25408,56.10563971,26242,66.41190464,40156,84.55318791
1494,2014,2014/4/18,28699,67.72785198,32759,76.55939611,25815,57.00437221,37940,96.01660171,35050,73.80190348
1497,2014,2014/4/19,32966,77.79770614,38243,89.37577415,28095,62.03904076,39425,99.77476338,35134,73.97877537
1499,2014,2014/4/20,27927,65.90598008,32953,77.01278366,32868,72.5787219,38699,97.93743989,35208,74.13459109
1502,2014,2014/4/21,32439,76.55401897,27187,63.53735773,40008,88.34518394,17584,44.5006833,40506,85.29015413
1505,2014,2014/4/22,35381,83.49695568,37984,88.77047839,45286,100,31564,79.88054867,41374,87.11783037
1508,2014,2014/4/23,32323,76.2802662,33143,77.45682302,27220,60.1068763,32490,82.22402187,40526,85.33226649
1509,2014,2014/4/24,33085,78.07853873,23269,54.3807988,27497,60.71854436,21761,55.07162019,39783,83.76779247
1523,2014,2014/5/2,28160,66.45584557,27686,64.7035453,24013,53.02521751,12864,32.55554993,38940,81.99275667
1528,2014,2014/5/4,30023,70.8524095,37271,87.10416228,40123,88.59912556,11926,30.18170775,40597,85.48176535
1531,2014,2014/5/5,33146,78.22249493,41585,97.18619271,43085,95.1397783,16705,42.27615529,44030,92.71035122
1534,2014,2014/5/6,34305,80.95766272,42273,98.79408259,43544,96.15333657,24547,62.12228577,42520,89.53086836
1554,2014,2014/5/16,35771,84.41733138,27152,63.45556101,24176,53.38515214,31439,79.56420509,44808,94.34852186
1556,2014,2014/5/17,36671,86.54127531,26333,61.54151768,24962,55.12078788,29496,74.64696057,47492,100
1558,2014,2014/5/18,37631,88.8068155,25532,59.66954124,34743,76.71907433,18881,47.78306423,40672,85.63968668
1560,2014,2014/5/20,38753,91.4546656,38331,89.58143448,42889,94.70697346,23975,60.67469758,41137,86.61879896
1563,2014,2014/5/21,34808,82.14471138,36347,84.94472879,25552,56.42361878,33696,85.27610467,43903,92.44293776
1590,2014,2014/6/3,34697,81.8827583,30222,70.63030218,28280,62.44755554,34914,88.35855646,45302,95.38869704
1593,2014,2014/6/4,28185,66.51484401,31915,74.58692655,36100,79.71558539,32065,81.14845371,44135,92.93144108
1595,2014,2014/6/5,28833,68.04408364,27692,64.7175676,42332,93.47701276,22787,57.66816824,43193,90.94794913
1596,2014,2014/6/6,28495,67.24642469,27014,63.13304821,36277,80.10643466,19365,49.00794655,46254,97.39324518
1599,2014,2014/6/7,33786,79.73285505,33557,78.4243614,28708,63.39265998,23468,59.39160804,41986,88.40646846
1603,2014,2014/6/8,33134,78.19417567,33103,77.36334105,25634,56.60469019,31592,79.95140963,40514,85.30699907
1625,2014,2014/6/20,36423,85.95601076,42530,99.39470425,38330,84.63984454,38889,98.41828213,40531,85.34279458
1627,2014,2014/6/21,36563,86.28640204,36089,84.34177008,42213,93.2142384,38047,96.28739181,40783,85.87341026
1630,2014,2014/6/22,33573,79.23018832,42120,98.43651406,31102,68.67906196,35544,89.95292808,44434,93.5610208
1633,2014,2014/6/23,27747,65.4811913,38754,90.57000631,30149,66.57465883,38525,97.49708964,43627,91.86178725
1635,2014,2014/6/24,28226,66.61160145,27923,65.25742597,39049,86.22753169,35002,88.58126234,42501,89.49086162
1637,2014,2014/6/25,28207,66.56676264,26558,62.06735376,27056,59.74473347,24075,60.92777244,43701,92.01760296
1640,2014,2014/6/26,28867,68.12432152,17371,40.59688238,34132,75.36987148,31567,79.88814091,44981,94.71279373
1642,2014,2014/6/27,30683,72.40996838,32810,76.67858562,40816,90.12939981,20540,51.98157615,42252,88.96656279
1645,2014,2014/6/28,32267,76.14810969,36613,85.56638388,43656,96.40065362,25431,64.35946753,40542,85.36595637
1675,2014,2014/7/11,39544,93.32137632,42789,100,28080,62.00591794,23565,59.63709065,40787,85.88183273
1676,2014,2014/7/12,36806,86.8598669,35022,81.84813854,26126,57.69111867,23329,59.03983398,47311,99.61888318
1681,2014,2014/7/13,36363,85.8144145,38812,90.70555517,26480,58.47281721,30710,77.71928937,45202,95.17813526
1691,2014,2014/7/22,32730,77.24076084,32999,77.12028792,36394,80.36479265,36647,92.74434378,45267,95.31500042
1694,2014,2014/7/23,30718,72.4925662,31982,74.74350885,35501,78.3928808,37952,96.04697069,41337,87.03992251
1699,2014,2014/7/24,31321,73.91560863,30288,70.78454743,40198,88.76473965,38930,98.52204282,43107,90.766866
1702,2014,2014/7/25,41534,98.01765233,33153,77.48019351,35345,78.04840348,37290,94.37161512,44426,93.54417586
1705,2014,2014/7/26,41927,98.94510785,26332,61.53918063,31350,69.22669258,21426,54.22381941,42734,89.98147056
1707,2014,2014/7/27,35256,83.20196347,33863,79.13949847,33485,73.94117387,24161,61.14541681,41239,86.83357197
1709,2014,2014/7/28,29702,70.0948695,31862,74.46306294,38192,84.3351146,27473,69.52725616,41192,86.73460793
1711,2014,2014/7/29,28590,67.47061878,31193,72.89957699,29755,65.70463278,38977,98.640988,41519,87.42314495
1714,2014,2014/7/30,29491,69.59692264,36122,84.41889271,33097,73.08439694,37821,95.71544263,44785,94.30009265
1729,2014,2014/8/8,34937,82.44914334,35903,83.90707892,39292,86.76412136,33408,84.54724908,45325,95.43712625
1732,2014,2014/8/9,36739,86.70175107,32870,76.81880857,39040,86.207658,37833,95.74581161,42209,88.87602122
1734,2014,2014/8/10,33039,77.96998159,20243,47.3088878,40465,89.35432584,37396,94.63987447,42221,88.90128864
1738,2014,2014/8/11,28927,68.26591778,31160,72.82245437,33394,73.74022877,35609,90.11742673,42106,88.65914259
1740,2014,2014/8/12,28819,68.01104451,41502,96.99221763,38229,84.41681756,28255,71.50630156,44061,92.77562537
1743,2014,2014/8/13,31191,73.60881673,29642,69.27481362,37434,82.66130813,30629,77.51429873,44789,94.30851512
1745,2014,2014/8/14,38157,90.04814273,19481,45.52805628,43612,96.30349335,30785,77.90909551,43484,91.5606839
1753,2014,2014/8/19,31064,73.30910464,20497,47.90249831,42221,93.2319039,26734,67.65703295,46131,97.13425419
1757,2014,2014/8/20,30633,72.29197149,21316,49.81654163,39300,86.78178687,26976,68.26947411,45445,95.68980039
1761,2014,2014/8/21,30541,72.07485722,29089,67.98242539,37437,82.66793269,38088,96.3911525,42160,88.77284595
1763,2014,2014/8/22,33761,79.67385661,33762,78.9034565,40557,89.55747913,38614,97.72232626,42448,89.37926388
1765,2014,2014/8/23,37156,87.68584509,31444,73.48617635,42761,94.4243254,38030,96.24436908,43162,90.88267498
1769,2014,2014/8/24,32774,77.3445981,27612,64.53060366,37227,82.20421322,35314,89.3708559,43941,92.52295123
1784,2014,2014/9/1,32054,75.64544296,25742,60.16032158,35103,77.51402199,34919,88.3712102,43974,92.59243662
1786,2014,2014/9/2,28434,67.10246849,26631,62.23795835,39042,86.21207437,31669,80.14627727,45010,94.77385665
1788,2014,2014/9/3,31251,73.75041299,21688,50.68592395,31771,70.15633971,27033,68.41372678,43922,92.4829445
1793,2014,2014/9/5,35541,83.87454571,27307,63.81780364,31203,68.90208895,26581,67.26982842,45255,95.28973301
1795,2014,2014/9/6,36867,87.0038231,27033,63.17745215,29590,65.34028176,24352,61.6287898,43623,91.85336478
1799,2014,2014/9/7,33894,79.98772832,25824,60.35195962,25219,55.68829219,25521,64.5872349,43564,91.72913333
1816,2014,2014/9/15,33144,78.21777505,35611,83.22466054,34028,75.14021994,29905,75.68203675,45306,95.39711951
1817,2014,2014/9/16,33812,79.79421343,35268,82.42305265,45205,99.82113678,37209,94.16662449,45719,96.26673966
1820,2014,2014/9/17,33500,79.05791287,34424,80.45058309,41870,92.45682993,38023,96.22665384,44662,94.04110166
1823,2014,2014/9/18,33649,79.40954359,41585,97.18619271,41440,91.5073091,37591,95.13337045,43432,91.45119178
1826,2014,2014/9/19,33322,78.63784396,42273,98.79408259,33837,74.71845603,35638,90.19081844,42733,89.97936495
1829,2014,2014/9/20,34334,81.02610091,27152,63.45556101,22506,49.69747825,38024,96.22918459,44570,93.84738482
1834,2014,2014/9/22,28893,68.1856799,26333,61.54151768,24632,54.39208585,37655,95.29533836,45126,95.01810831
1836,2014,2014/9/23,29754,70.21758626,25532,59.66954124,21625,47.75206466,34698,87.81191476,42662,89.82986608
1838,2014,2014/9/24,33292,78.56704583,38331,89.58143448,37148,82.02976637,34785,88.03208989,44079,92.81352649
