x,year,date,ARI,ARI_per,COL,COL_per,LAD,LAD_per,SDP,SDP_per,SFG,SFG_per
1,2010,2010/4/10,22400,45.64349173,39576,80.32311096,56000,100,42843,96.41506886,28030,65.30450585
19,2010,2010/4/19,24167,49.24402967,25110,50.96304114,44621,79.68035714,24969,56.19092628,29028,67.62965379
21,2010,2010/4/20,19855,40.45765751,26310,53.39855087,39697,70.8875,16356,36.80799352,42860,99.85555193
23,2010,2010/4/21,19165,39.05167495,26195,53.16514786,49319,88.06964286,26632,59.93338734,41785,97.35100881
24,2010,2010/4/23,25980,52.93829978,31560,64.05390595,44734,79.88214286,17087,38.45305608,40230,93.72815805
29,2010,2010/4/25,29296,59.69516668,33323,67.63207566,50433,90.05892857,17822,40.10712035,30035,69.97577
52,2010,2010/5/7,27067,55.15323172,35883,72.82782976,40185,71.75892857,14906,33.54487353,31792,74.06924188
54,2010,2010/5/8,26877,54.7660771,20308,41.21694303,46775,83.52678571,16696,37.5731389,32369,75.41354084
56,2010,2010/5/9,25358,51.67087782,24112,48.93750888,39339,70.24821429,29366,66.08605635,37144,86.53837193
58,2010,2010/5/10,19863,40.47395876,23773,48.24947738,50714,90.56071429,25619,57.6537042,33249,77.46377149
60,2010,2010/5/11,21030,42.85190317,30403,61.70566865,35659,63.67678571,20074,45.17508327,30924,72.04696892
62,2010,2010/5/12,22714,46.28331567,23475,47.64465913,38456,68.67142857,15052,33.87343595,32861,76.55980616
78,2010,2010/5/19,17073,34.78889885,20795,42.20535406,40567,72.44107143,16329,36.74723197,38650,90.04706211
80,2010,2010/5/20,18607,37.91466297,29111,59.0834365,42287,75.5125,17121,38.52957062,40060,93.33209077
82,2010,2010/5/21,19531,39.79745701,35258,71.55933511,40718,72.71071429,42436,95.49914484,40582,94.54825031
84,2010,2010/5/22,32746,66.72507947,28370,57.57950924,35282,63.00357143,42327,95.25384823,27981,65.19034528
86,2010,2010/5/23,23148,47.16765833,26320,53.41884679,55662,99.39642857,20558,46.26429022,30230,70.43008248
114,2010,2010/6/4,25290,51.53231722,28353,57.54500619,40138,71.675,19565,44.02961563,28251,65.81939332
116,2010,2010/6/5,28138,57.33556117,40162,81.51245154,38856,69.38571429,18236,41.03879737,31495,73.37728904
118,2010,2010/6/6,20793,42.36897873,43261,87.80215543,44282,79.075,19752,44.45044558,37400,87.13480267
120,2010,2010/6/7,17731,36.12967642,48682,98.80457064,45117,80.56607143,23468,52.81303448,41394,96.44005405
122,2010,2010/6/8,17052,34.74610808,28251,57.33798786,46053,82.2375,28591,64.34197498,42465,98.93527795
125,2010,2010/6/9,19138,38.99665824,26201,53.1773254,45325,80.9375,20023,45.06031146,31198,72.68533619
128,2010,2010/6/10,26969,54.95354145,27114,55.03034239,36533,65.2375,17393,39.14168692,30697,71.5181026
131,2010,2010/6/11,20629,42.03480316,28329,57.496296,35355,63.13392857,15880,35.73678999,41817,97.42556265
136,2010,2010/6/12,30017,61.16431657,31101,63.12232348,35333,63.09464286,20049,45.11882258,36861,85.87903639
141,2010,2010/6/13,23922,48.74480398,26304,53.38637332,42459,75.81964286,30019,67.55558556,39187,91.29816877
155,2010,2010/6/21,47229,96.23644959,32340,65.63698727,48207,86.08392857,23429,52.7252678,33822,78.79875122
156,2010,2010/6/22,45776,93.27573559,39192,79.54374784,37944,67.75714286,16542,37.22657305,38485,89.66264387
158,2010,2010/6/23,46325,94.39440867,46511,94.39832762,48046,85.79642857,15266,34.35502746,41182,95.94613485
174,2010,2010/7/2,23155,47.18192192,48112,97.64770352,43299,77.31964286,16050,36.11936268,41528,96.75224826
178,2010,2010/7/3,44169,90.00122259,48243,97.91358,52407,93.58392857,25167,56.63651094,34626,80.6719165
181,2010,2010/7/4,26517,54.03252099,48582,98.6016115,52806,94.29642857,28138,63.32253128,35289,82.21657891
183,2010,2010/7/5,26250,53.48846687,32134,65.21889144,52776,94.24285714,28029,63.07723467,39962,93.10376963
185,2010,2010/7/6,20067,40.88964056,48127,97.67814739,56000,100,21018,47.2994869,38416,89.50188714
188,2010,2010/7/7,20914,42.61553509,49271,100,56000,100,21196,47.70006301,41869,97.54671264
191,2010,2010/7/8,16664,33.9554976,35274,71.59180857,56000,100,24519,55.17823386,42599,99.24747216
194,2010,2010/7/9,18117,36.91621159,32922,66.81820949,47801,85.35892857,18618,41.89846071,37326,86.96239691
197,2010,2010/7/10,21627,44.06838373,33251,67.48594508,41575,74.24107143,30691,69.0678729,37677,87.78015936
209,2010,2010/7/19,18253,37.19333279,37456,76.0203771,41947,74.90535714,40042,90.11162121,38904,90.63883323
210,2010,2010/7/20,18749,38.20401011,36123,73.3149317,43640,77.92857143,23498,52.8805473,35945,83.74493267
212,2010,2010/7/21,18223,37.13220311,45069,91.47165676,43790,78.19642857,33177,74.66243586,41152,95.87624062
214,2010,2010/7/22,17230,35.10881082,40460,82.11726979,49016,87.52857143,40011,90.04185795,42847,99.82526443
216,2010,2010/7/23,22512,45.87170919,46608,94.59519799,45398,81.06785714,25363,57.07759474,42882,99.9068077
218,2010,2010/7/24,32774,66.78213383,35128,71.29548822,53381,95.32321429,38428,86.47943109,42922,100
220,2010,2010/7/25,31278,63.73380064,34158,69.32678452,45151,80.62678571,40188,90.44018363,41943,97.7191184
241,2010,2010/8/2,16793,34.2183552,40189,81.56725051,42299,75.53392857,42075,94.68674048,35389,82.44955967
243,2010,2010/8/3,17164,34.97432554,48065,97.55231272,44626,79.68928571,30478,68.58853182,36139,84.19691533
246,2010,2010/8/4,15670,31.93006765,38256,77.64405025,43506,77.68928571,42072,94.6799892,40872,95.22389451
249,2010,2010/8/5,16638,33.90251854,43549,88.38667776,39897,71.24464286,27560,62.02178414,42722,99.53403849
251,2010,2010/8/6,22168,45.17075556,37278,75.65910982,40860,72.96428571,23249,52.32019084,42293,98.53455105
254,2010,2010/8/7,48946,99.73510474,39142,79.44226827,38886,69.43928571,28335,63.76586551,42834,99.79497693
255,2010,2010/8/8,27856,56.76094221,45264,91.86742709,48988,87.47857143,25897,58.27932307,32698,76.18004753
270,2010,2010/8/17,21502,43.81367675,48133,97.69032494,44739,79.89107143,20075,45.17733369,36104,84.11537207
272,2010,2010/8/18,15509,31.60200505,34172,69.3551988,39153,69.91607143,21966,49.43289225,36310,84.59531243
274,2010,2010/8/19,17385,35.42464749,34485,69.99046092,44896,80.17142857,20983,47.22072194,38013,88.5629747
276,2010,2010/8/20,26294,53.57812373,27675,56.16894319,43639,77.92678571,34233,77.03888739,41250,96.10456176
278,2010,2010/8/21,37631,76.67902845,41964,85.16977532,49540,88.46428571,37424,84.2200018,38735,90.24509576
280,2010,2010/8/22,30397,61.9386258,45322,91.98514339,44268,79.05,30528,68.7010532,30224,70.41610363
300,2010,2010/8/30,17829,36.3293667,38343,77.82062471,45104,80.54285714,26168,58.88918895,31099,72.45468524
303,2010,2010/8/31,16250,33.11190806,30179,61.25104017,46418,82.88928571,23250,52.32244126,31186,72.6573785
306,2010,2010/9/1,17599,35.86070584,40237,81.6646709,49435,88.27678571,23574,53.0515798,36076,84.05013746
310,2010,2010/9/3,24748,50.42790773,29164,59.19100485,44788,79.97857143,20071,45.16833198,34685,80.80937515
313,2010,2010/9/4,31605,64.40011411,28271,57.37857969,44896,80.17142857,20851,46.9236655,38434,89.54382368
316,2010,2010/9/5,25416,51.78906186,25213,51.17208906,45164,80.65,28456,64.03816725,41835,97.46749918
319,2010,2010/9/6,31879,64.95843182,37265,75.63272513,37080,66.21428571,33662,75.75389324,41767,97.30907227
321,2010,2010/9/7,19417,39.56516424,48023,97.46706988,43046,76.86785714,41123,92.54433342,41113,95.78537813
324,2010,2010/9/8,19972,40.69606325,41504,84.23616326,48220,86.10714286,33876,76.23548474,37449,87.24896324
347,2010,2010/9/21,37460,76.33058929,34089,69.18674271,43758,78.13928571,35310,79.46259789,38228,89.06388332
349,2010,2010/9/22,29903,60.9320238,40532,82.26340038,38449,68.65892857,35124,79.04401836,37261,86.81095941
351,2010,2010/9/23,30093,61.31917842,30218,61.33019423,40191,71.76964286,26131,58.80592313,42409,98.80480872
354,2010,2010/9/24,38516,78.4823539,49071,99.59408171,37402,66.78928571,22739,51.17247277,42653,99.37328177
357,2010,2010/9/25,41477,84.51585296,43402,88.08832782,44166,78.86785714,27619,62.15455937,42822,99.76701924
361,2010,2010/9/26,37911,77.24957209,32594,66.1525035,33728,60.22857143,29400,66.16257089,42048,97.96374819
380,2011,2011/4/8,48027,97.86249898,32085,65.11944146,33040,59,28576,64.30821856,41742,97.25082708
381,2011,2011/4/9,20719,42.21819219,34430,69.87883339,41918,74.85357143,24368,54.8384193,42092,98.06625973
384,2011,2011/4/10,19718,40.17849866,33296,67.57727669,38007,67.86964286,32585,73.33018273,40870,95.21923489
386,2011,2011/4/11,15746,32.0849295,30285,61.46617686,34288,61.22857143,42420,95.463138,41960,97.75872513
388,2011,2011/4/12,16645,33.91678213,40264,81.71946987,31614,56.45357143,17379,39.11018093,42060,97.99170589
392,2011,2011/4/13,17660,35.98500285,31079,63.07767246,27439,48.99821429,17057,38.38554325,42404,98.79315969
395,2011,2011/4/15,23090,47.04947428,30320,61.53721256,28292,50.52142857,27056,60.88756864,42395,98.77219142
397,2011,2011/4/16,25590,52.14361399,27758,56.33739928,41596,74.27857143,33572,75.55135476,42295,98.53921066
400,2011,2011/4/17,26195,53.37639579,34477,69.97422419,29473,52.63035714,40038,90.1026195,41982,97.8099809
416,2011,2011/4/25,19586,39.90952808,33684,68.36475817,30711,54.84107143,18288,41.15581961,42132,98.15945203
417,2011,2011/4/26,19037,38.790855,35012,71.06005561,36870,65.83928571,20492,46.11576199,41039,95.61297237
420,2011,2011/4/27,21825,44.4718396,31885,64.71352317,34453,61.52321429,20026,45.06706274,41026,95.58268487
421,2011,2011/4/28,21716,44.2497351,31007,62.93154188,39869,71.19464286,20546,46.23728508,41126,95.81566563
422,2011,2011/4/29,29431,59.97025022,21422,43.4779079,30239,53.99821429,18636,41.9389684,42224,98.37379432
425,2011,2011/4/30,27652,56.34526041,40278,81.74788415,38017,67.8875,16613,37.38635341,42152,98.20604818
428,2011,2011/5/1,26605,54.21183471,34252,69.51756611,28419,50.74821429,30878,69.48870285,42288,98.52290201
434,2011,2011/5/3,18887,38.48520662,38109,77.34570031,35506,63.40357143,35936,80.87136556,41165,95.90652812
437,2011,2011/5/4,18803,38.31404352,33228,67.43926448,40654,72.59642857,21490,48.36168872,41037,95.60831275
439,2011,2011/5/5,18695,38.09397669,41105,83.42635627,35346,63.11785714,16901,38.03447655,41472,96.62177904
456,2011,2011/5/16,17958,36.59222431,25096,50.93462686,42138,75.24642857,16286,36.65046359,41021,95.57103583
459,2011,2011/5/17,16365,33.34623849,26378,53.53656309,30421,54.32321429,26501,59.63858133,41046,95.62928102
463,2011,2011/5/18,19773,40.29056973,26972,54.74214041,34248,61.15714286,34648,77.97281483,41369,96.38180886
466,2011,2011/5/19,23413,47.70763713,30186,61.26524731,34407,61.44107143,34705,78.10108921,41180,95.94147523
469,2011,2011/5/20,27450,55.93365392,31285,63.4957683,30621,54.68035714,16513,37.16131065,41786,97.35333861
473,2011,2011/5/22,31017,63.20197245,40598,82.39735341,36962,66.00357143,19426,43.71680619,41738,97.24150785
490,2011,2011/5/30,23465,47.81359524,26066,52.90333056,31473,56.20178571,23088,51.957872,41106,95.76906947
492,2011,2011/5/31,17571,35.80365148,32116,65.18235879,36975,66.02678571,16635,37.43586281,41686,97.12035786
494,2011,2011/6/1,16169,32.94685793,34290,69.59469059,31372,56.02142857,20056,45.13457557,41735,97.23451843
497,2011,2011/6/2,17810,36.29065123,32650,66.26616062,39233,70.05892857,28208,63.48006121,42084,98.04762127
499,2011,2011/6/3,20332,41.42961937,35045,71.12703213,30443,54.3625,21958,49.41488883,41958,97.75406551
501,2011,2011/6/4,26199,53.38454642,35877,72.81565221,35053,62.59464286,16838,37.89269961,41886,97.58631937
505,2011,2011/6/5,23129,47.12894286,41594,84.41882649,36124,64.50714286,17732,39.90458187,42481,98.97255487
525,2011,2011/6/14,23746,48.38617654,48555,98.54681253,44665,79.75892857,16464,37.0510397,41690,97.12967709
528,2011,2011/6/15,24194,49.29904638,49015,99.48042459,29355,52.41964286,23211,52.23467459,42130,98.15479241
531,2011,2011/6/16,23468,47.81970821,40175,81.53883623,37769,67.44464286,25027,56.32145108,41978,97.80066167
532,2011,2011/6/17,26053,53.08704866,35973,73.01049299,30332,54.16428571,20185,45.42488073,42300,98.5508597
535,2011,2011/6/18,33230,67.71130491,38084,77.29496052,43640,77.92857143,27227,61.27239175,41403,96.46102232
538,2011,2011/6/19,39538,80.56483821,48282,97.99273406,41108,73.40714286,38060,85.65127374,41916,97.6562136
556,2011,2011/6/27,25726,52.42073519,49227,99.91069798,43104,76.97142857,23635,53.18885588,41521,96.73593961
558,2011,2011/6/28,27076,55.17157063,40269,81.72961783,56000,100,20250,45.57115852,41028,95.58734449
561,2011,2011/6/29,26876,54.76403945,41088,83.39185322,32329,57.73035714,24461,55.04770906,42117,98.12450492
583,2011,2011/7/15,24966,50.87211672,35044,71.12500254,31005,55.36607143,32292,72.67080745,42123,98.13848376
586,2011,2011/7/16,28897,58.88214198,46783,94.95037649,56000,100,42055,94.64173193,42323,98.60444527
589,2011,2011/7/17,27683,56.40842774,35030,71.09658826,38529,68.80178571,42024,94.57196867,42391,98.76287219
592,2011,2011/7/18,17404,35.46336295,35103,71.24474843,29744,53.11428571,36351,81.80529301,42487,98.98653371
595,2011,2011/7/19,17831,36.33344201,36460,73.99890402,35249,62.94464286,22679,51.03744711,42297,98.54387028
598,2011,2011/7/20,19196,39.11484229,39339,79.84209779,39839,71.14107143,28377,63.86038347,42277,98.49727413
601,2011,2011/7/21,22241,45.31950444,39262,79.68581924,34590,61.76785714,23348,52.54298317,42262,98.46232701
603,2011,2011/7/22,22768,46.39334909,39330,79.82383146,36458,65.10357143,27612,62.13880637,42366,98.704627
607,2011,2011/7/23,34849,71.01026979,39128,79.41385399,28860,51.53571429,37034,83.34233504,42332,98.62541354
609,2011,2011/7/24,28090,57.23775369,39404,79.97402123,50664,90.47142857,22516,50.67062742,42477,98.96323564
635,2011,2011/8/5,27215,55.45480479,35956,72.97598993,29976,53.52857143,22417,50.44783509,42013,97.88220493
640,2011,2011/8/7,25575,52.11304915,35034,71.10470662,35169,62.80178571,22543,50.73138896,42165,98.23633568
643,2011,2011/8/8,17448,35.55301981,43321,87.92393091,37139,66.31964286,25371,57.09559816,42183,98.27827221
646,2011,2011/8/9,17814,36.29880186,34812,70.65413732,43935,78.45535714,30094,67.72436763,42366,98.704627
651,2011,2011/8/11,18418,37.52954601,32175,65.30210469,35380,63.17857143,24212,54.4873526,42405,98.79548949
652,2011,2011/8/12,25701,52.36979379,36136,73.34131639,46547,83.11964286,22089,49.70969484,42648,99.36163273
654,2011,2011/8/13,33552,68.36743011,33522,68.03596436,41807,74.65535714,18403,41.41461878,42603,99.25679139
656,2011,2011/8/14,30148,61.43124949,44984,91.29914148,33642,60.075,26065,58.65739491,41288,96.19309445
677,2011,2011/8/26,34074,69.43108648,45195,91.72738528,36111,64.48392857,37268,83.8689351,41542,96.78486557
681,2011,2011/8/27,35603,72.54666232,49083,99.61843681,36339,64.89107143,40065,90.16338104,41115,95.79003774
682,2011,2011/8/28,27564,56.16594669,27166,55.13588115,38960,69.57142857,22070,49.66693672,41438,96.54256558
685,2011,2011/8/29,19478,39.68946124,31179,63.28063161,35537,63.45892857,23974,53.95175083,41681,97.10870882
688,2011,2011/8/30,20231,41.22381612,30333,61.56359725,38503,68.75535714,24661,55.49779458,41063,95.66888775
691,2011,2011/8/31,23062,46.99241992,40342,81.877778,29764,53.15,25066,56.40921775,41165,95.90652812
706,2011,2011/9/8,21402,43.60991116,25691,52.14223377,36589,65.3375,21866,49.20784949,41099,95.75276082
707,2011,2011/9/9,29639,60.39408265,25320,51.38925534,27767,49.58392857,18173,40.89702043,40948,95.40095988
712,2011,2011/9/10,48017,97.84212242,40114,81.41503115,30616,54.67142857,28605,64.37348096,41951,97.73775686
713,2011,2011/9/11,39369,80.22047437,38499,78.13724097,31404,56.07857143,36242,81.5599964,42222,98.36913471
732,2011,2011/9/19,24458,49.83698753,34364,69.74488036,29799,53.2125,30781,69.27041138,41902,97.62359629
734,2011,2011/9/20,30114,61.36196919,47302,96.00373445,25381,45.32321429,32658,73.49446395,42121,98.13382415
737,2011,2011/9/21,25296,51.54454316,38961,79.07491222,41148,73.47857143,39966,89.94058871,41466,96.6078002
742,2011,2011/9/23,42606,86.81636645,31875,64.69322725,32514,58.06071429,32387,72.88459807,41069,95.6828666
744,2011,2011/9/24,49076,100,27450,55.71228512,37802,67.50357143,26433,59.48555225,41510,96.71031173
746,2011,2011/9/25,41243,84.03904149,32465,65.8906862,32526,58.08214286,39058,87.89720047,41209,96.00903965
748,2011,2011/9/26,29116,59.32838862,31457,63.84485803,32334,57.73928571,32452,73.03087587,41956,97.7494059
753,2011,2011/9/28,41791,85.15567691,30337,61.57171561,37560,67.07142857,17573,39.54676389,42370,98.71394623
764,2012,2012/4/16,17366,35.38593202,25860,52.48523472,29729,53.0875,23748,53.4431542,41873,97.55603187
767,2012,2012/4/17,19198,39.1189176,30642,62.190741,28328,50.58571429,31437,70.74669187,41138,95.84362332
770,2012,2012/4/18,18368,37.42766322,29856,60.59548213,31601,56.43035714,26759,60.21919165,41136,95.8389637
774,2012,2012/4/19,18110,36.901948,21547,43.73160683,38359,68.49821429,16599,37.35484742,41101,95.75742044
776,2012,2012/4/20,27761,56.5673649,24525,49.77573015,26376,47.1,15154,34.10297957,41860,97.52574437
777,2012,2012/4/21,30188,61.51275573,24762,50.25674332,44014,78.59642857,18356,41.30884868,42375,98.72559527
780,2012,2012/4/22,28679,58.437933,36690,74.46571005,26345,47.04464286,16218,36.49743451,42060,97.99170589
783,2012,2012/4/24,24213,49.33776184,25227,51.20050334,44807,80.0125,19260,43.34323521,41439,96.54489539
786,2012,2012/4/25,25934,52.84456761,26211,53.19762132,54242,96.86071429,29201,65.7147358,41575,96.86174922
813,2012,2012/5/7,26447,53.88988508,30276,61.44791054,48753,87.05892857,25076,56.43172203,41159,95.89254928
815,2012,2012/5/8,30156,61.44755074,33184,67.34996245,43713,78.05892857,33572,75.55135476,41082,95.71315409
817,2012,2012/5/9,27710,56.46344445,40013,81.21004242,32799,58.56964286,15895,35.7705464,41135,95.83663389
820,2012,2012/5/11,35792,72.93177928,45330,92.00138012,33993,60.70178571,21019,47.30173733,41796,97.37663669
821,2012,2012/5/12,31719,64.63240688,32162,65.27572,35591,63.55535714,27883,62.74867225,41254,96.11388099
823,2012,2012/5/13,35430,72.19414785,32035,65.01796188,33735,60.24107143,31389,70.63867135,41332,96.29560598
847,2012,2012/5/21,24768,50.46866085,34887,70.80635668,49124,87.72142857,43427,97.72931857,41324,96.27696752
848,2012,2012/5/22,25738,52.44518706,30784,62.47894299,24312,43.41428571,33975,76.45827707,41225,96.04631657
849,2012,2012/5/23,27645,56.33099682,36662,74.40888149,47077,84.06607143,27054,60.88306778,41477,96.63342808
850,2012,2012/5/25,35478,72.29195533,34546,70.114266,40906,73.04642857,36559,82.27338194,41411,96.47966078
852,2012,2012/5/26,30184,61.5046051,35786,72.63095939,39383,70.32678571,32228,72.52678009,41378,96.40277713
855,2012,2012/5/27,33481,68.22275654,28102,57.03557874,44005,78.58035714,30662,69.0026105,42295,98.53921066
874,2012,2012/6/4,22881,46.62360421,31799,64.5389783,36283,64.79107143,22269,50.11477181,41371,96.38646848
876,2012,2012/6/5,22322,45.48455457,36175,73.42047046,36561,65.2875,22015,49.5431632,41328,96.28628675
879,2012,2012/6/6,23069,47.00668351,35353,71.75214629,33306,59.475,29315,65.97128454,41100,95.75509063
881,2012,2012/6/8,25787,52.54503219,41814,84.86533661,38016,67.88571429,25889,58.26131965,41239,96.07893388
884,2012,2012/6/9,28061,57.17866167,37722,76.56024842,25509,45.55178571,23942,53.87973715,41112,95.78304832
886,2012,2012/6/10,28112,57.28258212,33635,68.26530819,26773,47.80892857,30053,67.6321001,41524,96.74292903
900,2012,2012/6/18,24284,49.48243541,32155,65.26151286,50559,90.28392857,30922,69.58772167,41163,95.90186851
902,2012,2012/6/19,21568,43.94816203,32527,66.01652087,55279,98.7125,27529,61.95202088,41704,97.16229439
905,2012,2012/6/20,29630,60.37574374,40177,81.54289542,43494,77.66785714,25181,56.66801692,42100,98.08489819
907,2012,2012/6/22,34654,70.61292689,36110,73.28854702,40432,72.2,26016,58.54712395,42298,98.54620008
909,2012,2012/6/23,38542,78.53533295,33957,68.91883664,45210,80.73214286,34222,77.01413269,41662,97.06444248
911,2012,2012/6/24,33448,68.1555139,42785,86.8360699,53504,95.54285714,24032,54.08227563,42164,98.23400587
929,2012,2012/7/2,19633,40.00529791,48169,97.76339023,49006,87.51071429,26098,58.73165902,42664,99.39890965
931,2012,2012/7/3,21329,43.46116228,31829,64.59986605,49763,88.8625,20944,47.13295526,42245,98.42272028
933,2012,2012/7/4,48819,99.47632244,33346,67.67875627,44217,78.95892857,25713,57.8652444,41626,96.9805694
935,2012,2012/7/5,23002,46.87016057,35151,71.34216882,55359,98.85535714,26735,60.16518138,41960,97.75872513
937,2012,2012/7/6,24891,50.71929253,25685,52.13005622,34493,61.59464286,25507,57.40165631,42135,98.16644145
940,2012,2012/7/7,36903,75.19561496,36907,74.9061314,33884,60.50714286,37174,83.65739491,42039,97.94277993
942,2012,2012/7/8,30523,62.19537045,42574,86.4078261,53570,95.66071429,25198,56.70627419,42116,98.12217511
961,2012,2012/7/20,23567,48.02143614,30842,62.59665929,43873,78.34464286,34573,77.80403277,42171,98.25031452
963,2012,2012/7/21,35665,72.67299698,38214,77.55880741,54014,96.45357143,36826,82.87424611,42265,98.46931643
965,2012,2012/7/22,20951,42.69092836,42826,86.91928315,39715,70.91964286,24635,55.43928346,42430,98.85373468
967,2012,2012/7/23,20056,40.86722634,29430,59.73087617,32238,57.56785714,27187,61.18237465,42559,99.15427986
969,2012,2012/7/24,20432,41.63338495,31297,63.5201234,39955,71.34821429,24663,55.50229544,41871,97.55137226
971,2012,2012/7/25,23385,47.65058277,29547,59.96833837,33180,59.25,38755,87.21532091,41681,97.10870882
973,2012,2012/7/27,23150,47.17173364,29659,60.19565262,52832,94.34285714,33849,76.1747232,42030,97.92181166
976,2012,2012/7/28,33759,68.78922488,30176,61.24495139,36596,65.35,28605,64.37348096,41902,97.62359629
980,2012,2012/7/29,32134,65.47803407,35242,71.52686164,43537,77.74464286,20401,45.91097308,41300,96.22105214
1005,2012,2012/8/10,29362,59.82965197,26821,54.4356721,46588,83.19285714,21882,49.24385633,41774,97.32538092
1007,2012,2012/8/11,34030,69.34142962,28036,56.9016257,42495,75.88392857,20955,47.15770996,42188,98.28992125
1009,2012,2012/8/12,27345,55.71970006,23411,47.51476528,32659,58.31964286,16845,37.90845261,41843,97.48613765
1024,2012,2012/8/20,17707,36.08077268,24807,50.34807493,55024,98.25714286,25403,57.16761185,41729,97.22053958
1027,2012,2012/8/21,17434,35.52449262,25614,51.98595523,37084,66.22142857,25514,57.41740931,42483,98.97721448
1030,2012,2012/8/22,20027,40.80813432,30426,61.75234925,36878,65.85357143,21037,47.34224503,41492,96.66837519
1033,2012,2012/8/24,32726,66.68432635,43961,89.22286944,56000,100,18081,40.6899811,42050,97.96840781
1036,2012,2012/8/25,27619,56.27801777,30148,61.18812283,40173,71.7375,29887,67.25852912,42081,98.04063184
1039,2012,2012/8/26,28172,57.40484147,28368,57.57545006,39805,71.08035714,16442,37.00153029,42133,98.16178184
1042,2012,2012/8/27,17966,36.60852555,25155,51.05437275,40284,71.93571429,25018,56.30119723,41645,97.02483575
1044,2012,2012/8/28,20550,41.87382835,27366,55.54179944,41907,74.83392857,27651,62.22657305,41486,96.65439635
1048,2012,2012/8/29,18451,37.59678865,30152,61.1962412,54621,97.5375,22948,51.64281213,41679,97.10404921
1071,2012,2012/9/11,23966,48.83446084,30678,62.2638063,37622,67.18214286,32346,72.79233054,41735,97.23451843
1076,2012,2012/9/12,25048,51.0392045,25817,52.39796229,35992,64.27142857,24818,55.85111171,42045,97.95675877
1079,2012,2012/9/14,31856,64.91156573,26631,54.05004972,31607,56.44107143,32403,72.92060491,41038,95.61064256
1082,2012,2012/9/15,39169,79.81294319,24182,49.07958028,33540,59.89285714,32691,73.56872806,41035,95.60365314
1085,2012,2012/9/16,29051,59.19594099,42359,85.97146394,40619,72.53392857,42397,95.41137816,41666,97.07376171
1088,2012,2012/9/18,20811,42.40565653,33689,68.37490613,50560,90.28571429,33407,75.18003421,41791,97.36498765
1090,2012,2012/9/19,21013,42.81726302,32448,65.85618315,43309,77.3375,44436,100,41517,96.72662038
1092,2012,2012/9/20,17821,36.31306545,22277,45.21320858,40167,71.72678571,24610,55.38302277,41280,96.17445599
1108,2012,2012/9/28,28463,57.99779933,26660,54.10890788,42449,75.80178571,21814,49.09082726,41718,97.1949117
1111,2012,2012/9/29,29084,59.26318363,27057,54.91465568,35754,63.84642857,29523,66.43937348,41292,96.20241368
1115,2012,2012/9/30,35535,72.40810172,30288,61.47226563,37133,66.30892857,21337,48.0173733,41728,97.21820978
1117,2012,2012/10/1,24123,49.15437281,31060,63.03911023,40724,72.72142857,18643,41.9547214,42418,98.82577699
1119,2012,2012/10/2,22466,45.77797702,20239,41.07690122,35607,63.58392857,19560,44.01836349,41153,95.87857043
1121,2012,2012/10/3,24344,49.60469476,21510,43.65651194,33624,60.04285714,17205,38.71860654,41516,96.72429057
1126,2013,2013/4/8,21392,43.5895346,18341,37.22473666,42473,75.84464286,34929,78.60518499,41128,95.82032524
1128,2013,2013/4/9,19872,40.49229766,23445,47.58377139,34014,60.73928571,38823,87.36834999,42201,98.32020875
1131,2013,2013/4/10,17769,36.20710734,30380,61.65898805,39446,70.43928571,33722,75.88891889,41133,95.83197428
1135,2013,2013/4/12,29520,60.1516016,42507,86.27184348,52136,93.1,31223,70.26510037,41910,97.64223475
1137,2013,2013/4/13,37214,75.82932594,19124,38.81390676,52393,93.55892857,31336,70.51939869,41606,96.93397325
1139,2013,2013/4/14,32313,65.84277447,21724,44.09084451,44930,80.23214286,29101,65.48969304,41559,96.8244723
1158,2013,2013/4/25,24532,49.98777406,30255,61.40528912,49003,87.50535714,14596,32.84724098,42747,99.59228368
1159,2013,2013/4/26,28801,58.68652702,29099,59.05908141,31570,56.375,16263,36.59870375,41294,96.2070733
1162,2013,2013/4/27,31019,63.20604776,39220,79.6005764,47602,85.00357143,16730,37.64965343,41955,97.74707609
1164,2013,2013/4/28,24852,50.63982395,41595,84.42085608,32848,58.65714286,24234,54.536862,41756,97.28344439
1167,2013,2013/4/29,18036,36.75116146,40148,81.48403726,30981,55.32321429,29898,67.28328382,42113,98.11518569
1169,2013,2013/4/30,20319,41.40312984,40972,83.15642061,33611,60.01964286,33646,75.7178864,41171,95.92050697
1171,2013,2013/5/1,21277,43.35520417,33128,67.23630533,31512,56.27142857,27080,60.9415789,41140,95.84828293
1193,2013,2013/5/9,20000,40.75311761,43365,88.01323294,41721,74.50178571,18763,42.22477271,41171,95.92050697
1198,2013,2013/5/11,28144,57.34778711,41412,84.04944085,42208,75.37142857,18702,42.08749662,41226,96.04864638
1201,2013,2013/5/12,32808,66.85141413,47494,96.39341601,32337,57.74464286,19878,44.73399946,41048,95.63394064
1203,2013,2013/5/13,25051,51.04531747,23053,46.78817154,51729,92.37321429,18805,42.31929067,41365,96.37248963
1205,2013,2013/5/14,30154,61.44347543,27096,54.99380975,36721,65.57321429,24200,54.46034747,41387,96.4237454
1207,2013,2013/5/15,23542,47.97049474,31763,64.46591301,45134,80.59642857,20380,45.86371411,41530,96.75690788
1224,2013,2013/5/24,24043,48.99136034,26881,54.55744759,49368,88.15714286,21192,47.6910613,42231,98.39010298
1227,2013,2013/5/25,26628,54.25870079,26239,53.25444988,43244,77.22142857,22330,50.25204789,41642,97.01784633
1230,2013,2013/5/26,27639,56.31877089,37923,76.9681963,49953,89.20178571,22316,50.2205419,41175,95.9298262
1233,2013,2013/5/27,23622,48.13350721,36703,74.49209474,46443,82.93392857,23364,52.57899001,41881,97.57467033
1255,2013,2013/6/7,37542,76.49767707,41536,84.30111019,37055,66.16964286,29756,66.96372311,41784,97.348679
1258,2013,2013/6/8,44574,90.82647323,29840,60.56300867,37544,67.04285714,27943,62.8836979,42597,99.24281254
1261,2013,2013/6/9,38222,77.88328307,30477,61.85585842,40040,71.5,30656,68.98910793,41512,96.71497134
1277,2013,2013/6/17,19354,39.43679191,34590,70.20356802,44196,78.92142857,43627,98.17940409,41250,96.10456176
1280,2013,2013/6/19,26867,54.74570055,33668,68.33228471,47164,84.22142857,31098,69.98379692,41981,97.80765109
1284,2013,2013/6/21,27819,56.68554894,33736,68.47029693,52716,94.13571429,26265,59.10748042,41559,96.8244723
1286,2013,2013/6/22,30567,62.2850273,37017,75.12938645,39028,69.69285714,24695,55.57430912,41981,97.80765109
1289,2013,2013/6/23,30723,62.60290162,36114,73.29666538,38275,68.34821429,25610,57.63345036,41884,97.58165975
1309,2013,2013/7/5,45505,92.72353085,35516,72.0829697,42844,76.50714286,20400,45.90872266,41866,97.53972322
1310,2013,2013/7/6,22395,45.63330345,45186,91.70911895,41927,74.86964286,22733,51.1589702,41290,96.19775407
1312,2013,2013/7/7,22090,45.0118184,34387,69.79156096,40994,73.20357143,19411,43.68304978,41490,96.66371558
1315,2013,2013/7/8,22614,46.07955009,38428,77.99313998,47193,84.27321429,31976,71.95967234,41683,97.11336844
1318,2013,2013/7/9,23409,47.69948651,44612,90.54413347,41721,74.50178571,40342,90.78674948,41697,97.14598574
1321,2013,2013/7/10,24466,49.85328878,37419,75.94528221,51037,91.1375,33243,74.81096408,41911,97.64456456
1323,2013,2013/7/11,17531,35.72214524,48628,98.6949727,48828,87.19285714,24050,54.12278333,41638,97.0085271
1326,2013,2013/7/12,19681,40.10310539,48794,99.03188488,52455,93.66964286,29207,65.72823837,41094,95.74111178
1328,2013,2013/7/13,33566,68.39595729,43976,89.25331331,42405,75.72321429,26450,59.52380952,41497,96.68002423
1331,2013,2013/7/14,25057,51.0575434,45616,92.58184327,52740,94.17857143,44124,99.29786659,41534,96.76622711
1340,2013,2013/7/22,21288,43.37761839,43108,87.49162794,50796,90.70714286,44184,99.43289225,41679,97.10404921
1343,2013,2013/7/23,21278,43.35724183,31913,64.77035173,51992,92.84285714,43504,97.90260149,41924,97.67485206
1345,2013,2013/7/24,21141,43.07808297,34223,69.45870796,51402,91.78928571,29415,66.1963273,41742,97.25082708
1348,2013,2013/7/25,23341,47.56092591,30900,62.7143756,53275,95.13392857,21206,47.72256729,41949,97.73309725
1351,2013,2013/7/26,22279,45.39693537,33165,67.31140022,51841,92.57321429,21812,49.0863264,41797,97.3789665
1355,2013,2013/7/27,30033,61.19691906,32740,66.44882385,52675,94.0625,25604,57.61994779,41512,96.71497134
1359,2013,2013/7/28,24864,50.66427582,38012,77.14882994,48671,86.9125,36974,83.20730939,41797,97.3789665
1372,2013,2013/8/6,19458,39.64870813,33237,67.4575308,52447,93.65535714,24704,55.59456297,41953,97.74241648
1375,2013,2013/8/7,18733,38.17140761,37444,75.996022,53013,94.66607143,24850,55.92312539,41608,96.93863287
1379,2013,2013/8/9,25187,51.32243867,40728,82.6612003,51083,91.21964286,21381,48.11639211,42217,98.35748567
1385,2013,2013/8/10,42450,86.49849213,44657,90.63546508,52619,93.9625,19126,43.04167792,41426,96.51460789
1387,2013,2013/8/11,28260,57.58415519,30986,62.88892046,52248,93.3,23561,53.02232424,41416,96.49130982
1391,2013,2013/8/12,18889,38.48928193,30366,61.63057377,42915,76.63392857,30870,69.47069943,41219,96.03233773
1394,2013,2013/8/13,20036,40.82647323,30099,61.08867285,46335,82.74107143,22762,51.2242326,41434,96.53324635
1397,2013,2013/8/14,19568,39.87285027,30364,61.62651458,44091,78.73392857,25430,57.22837339,41315,96.25599925
1420,2013,2013/8/26,16871,34.37729236,27268,55.34289947,50240,89.71428571,19889,44.75875416,41622,96.97125017
1424,2013,2013/8/28,20578,41.93088271,29415,59.7004323,48165,86.00892857,15762,35.47123954,41585,96.8850473
1427,2013,2013/8/30,24380,49.67805037,37616,76.34511173,44109,78.76607143,21476,48.33018273,41551,96.80583384
1430,2013,2013/8/31,36091,73.54103839,30594,62.09332061,40965,73.15178571,25272,56.87280583,41532,96.76156749
1434,2013,2013/9/1,33422,68.10253484,36822,74.73361612,52326,93.43928571,18656,41.98397696,41733,97.22985881
1436,2013,2013/9/2,21014,42.81930068,25807,52.37766638,38851,69.37678571,34986,78.73345936,41583,96.88038768
1439,2013,2013/9/3,19100,38.91922732,28439,57.71955105,51769,92.44464286,40572,91.30434783,42059,97.98937608
1443,2013,2013/9/4,16154,32.9162931,31117,63.15479694,53121,94.85892857,32988,74.23710505,41815,97.42090303
1459,2013,2013/9/13,31713,64.62018094,27107,55.01613525,52168,93.15714286,15869,35.71203529,41193,95.97176273
1461,2013,2013/9/14,32237,65.68791263,26955,54.70763735,52410,93.58928571,18562,41.77243676,41180,95.94147523
1463,2013,2013/9/15,26845,54.70087212,33258,67.50015222,41867,74.7625,29528,66.45062562,41076,95.69917525
1465,2013,2013/9/16,24933,50.80487407,38247,77.62578393,40818,72.88928571,21393,48.14339725,41050,95.63860025
1467,2013,2013/9/17,26304,53.59850029,36005,73.07543991,53393,95.34464286,30353,68.30722837,41078,95.70383486
1470,2013,2013/9/18,27305,55.63819382,43736,88.76621136,52650,94.01785714,42182,94.92753623,41171,95.92050697
1471,2013,2013/9/19,22763,46.38316081,32315,65.58624749,53062,94.75357143,32267,72.61454676,41128,95.82032524
1488,2013,2013/9/27,31037,63.24272557,48775,98.99332264,47302,84.46785714,14784,33.27032136,41625,96.9782396
1491,2013,2013/9/28,29673,60.46336295,33078,67.13482576,52367,93.5125,18012,40.53470159,41377,96.40044732
1494,2013,2013/9/29,30420,61.98549189,29779,60.43920359,52879,94.42678571,17428,39.22045189,41221,96.03699734
1508,2014,2014/4/11,33349,67.95378596,22550,45.76728705,52396,93.56428571,17557,39.51075704,41103,95.76208005
1510,2014,2014/4/12,38374,78.19300677,25393,51.53741552,48367,86.36964286,34839,78.4026465,41201,95.99040119
1513,2014,2014/4/13,31757,64.7098378,22745,46.16305738,53231,95.05535714,43405,97.67980916,41495,96.67536461
1517,2014,2014/4/15,21969,44.76526204,35705,72.46656248,47680,85.14285714,25035,56.3394545,42166,98.23866549
1520,2014,2014/4/16,19673,40.08680414,31352,63.63175093,37447,66.86964286,27032,60.83355838,41157,95.88788966
1538,2014,2014/4/25,28168,57.39669085,33563,68.11917761,37715,67.34821429,35213,79.24430642,41577,96.86640883
1541,2014,2014/4/26,35462,72.25935284,25434,51.62062877,44826,80.04642857,32657,73.49221352,41707,97.16928382
1544,2014,2014/4/27,30022,61.17450485,27165,55.13385156,51699,92.31964286,14089,31.70627419,41917,97.6585434
1547,2014,2014/4/28,17127,34.89893227,35191,71.42335248,44866,80.11785714,16542,37.22657305,42469,98.94459718
1549,2014,2014/4/29,19702,40.14589616,22989,46.65827769,45241,80.7875,18228,41.02079395,42773,99.65285867
1550,2014,2014/4/30,19135,38.99054528,42040,85.32402427,52359,93.49821429,17832,40.12962463,42890,99.92544616
1571,2014,2014/5/12,16555,33.7333931,38688,78.52083376,43068,76.90714286,22553,50.75389324,41296,96.21173291
1574,2014,2014/5/13,19025,38.76640313,26242,53.26053865,49171,87.80535714,27719,62.37960212,42088,98.0569405
1577,2014,2014/5/14,18325,37.34004401,27838,56.4997666,47199,84.28392857,17682,39.79206049,41530,96.75690788
1580,2014,2014/5/16,31154,63.48113131,35384,71.81506363,51369,91.73035714,19136,43.06418219,41533,96.7638973
1583,2014,2014/5/17,36688,74.75751895,40508,82.21469018,37187,66.40535714,16079,36.18462508,42164,98.23400587
1586,2014,2014/5/18,35406,72.14524411,31046,63.01069595,50349,89.90892857,21263,47.85084166,41438,96.54256558
1598,2014,2014/5/26,35580,72.49979623,30411,61.72190538,45505,81.25892857,32167,72.38950401,41506,96.7009925
1601,2014,2014/5/27,17862,36.39660934,36468,74.01514075,46013,82.16607143,18876,42.47907102,41253,96.11155119
1604,2014,2014/5/28,22233,45.3032032,29682,60.24233322,41129,73.44464286,17923,40.33441354,41597,96.91300499
1607,2014,2014/5/29,18457,37.60901459,26199,53.17326622,39643,70.79107143,25346,57.03933747,41819,97.43022226
1609,2014,2014/5/30,19826,40.39856549,26521,53.82679467,47503,84.82678571,29172,65.6494734,41619,96.96426075
1611,2014,2014/5/31,23765,48.424892,40474,82.14568407,49455,88.3125,27046,60.86506436,41551,96.80583384
1613,2014,2014/6/1,24119,49.14622219,38111,77.34975949,51020,91.10714286,27523,61.93851832,41514,96.71963096
1623,2014,2014/6/6,24504,49.9307197,27875,56.57486148,37336,66.67142857,18755,42.20676929,41724,97.20889055
1627,2014,2014/6/7,29278,59.65848887,33648,68.29169288,44477,79.42321429,31119,70.0310559,42590,99.22650389
1630,2014,2014/6/8,26534,54.06716114,41238,83.69629194,45540,81.32142857,43474,97.83508867,42257,98.45067797
1634,2014,2014/6/9,18805,38.31811884,36619,74.32160906,42831,76.48392857,32406,72.9273562,41060,95.66189833
1636,2014,2014/6/10,17667,35.99926644,37078,75.25319153,51422,91.825,25897,58.27932307,41186,95.95545408
1648,2014,2014/6/16,18262,37.21167169,34554,70.13050273,52519,93.78392857,31527,70.94923035,41437,96.54023578
1650,2014,2014/6/17,18148,36.97937892,48533,98.50216151,44077,78.70892857,20267,45.60941579,41296,96.21173291
1652,2014,2014/6/18,19711,40.16423506,32926,66.82632786,44175,78.88392857,19079,42.93590782,41911,97.64456456
1656,2014,2014/6/19,22559,45.96747901,33924,68.85186012,46069,82.26607143,20312,45.71068503,41597,96.91300499
1657,2014,2014/6/20,29295,59.69312902,26782,54.35651803,48624,86.82857143,19250,43.32073094,41545,96.79185499
1660,2014,2014/6/21,37916,77.25976037,27601,56.01875342,48159,85.99821429,31126,70.04680889,41404,96.46335213
1662,2014,2014/6/22,27862,56.77316815,26212,53.19965091,50910,90.91071429,36127,81.30119723,41067,95.67820698
1666,2014,2014/6/24,20945,42.67870242,36110,73.28854702,47739,85.24821429,28065,63.15825007,41258,96.12320022
1669,2014,2014/6/25,21269,43.33890293,35930,72.92322056,45627,81.47678571,27374,61.60320461,41704,97.16229439
1697,2014,2014/7/7,17103,34.85002853,35743,72.54368696,46300,82.67857143,42702,96.09775857,41824,97.4418713
1699,2014,2014/7/8,18319,37.32781808,33082,67.14294413,50199,89.64107143,31513,70.91772437,41546,96.7941848
1701,2014,2014/7/9,18268,37.22389763,36874,74.83915488,50332,89.87857143,33521,75.43658295,41500,96.68701365
1716,2014,2014/7/18,32619,66.46629717,30728,62.36528587,46073,82.27321429,30973,69.70249347,41156,95.88555985
1717,2014,2014/7/19,32528,66.28087049,38487,78.11288588,51794,92.48928571,28820,64.85732289,41046,95.62928102
1720,2014,2014/7/20,37131,75.66020051,44611,90.54210387,47131,84.1625,33779,76.01719327,41024,95.57802526
1721,2014,2014/7/21,25907,52.7895509,40382,81.95896166,49630,88.625,39402,88.67134756,41541,96.78253576
1723,2014,2014/7/22,29515,60.14141332,35043,71.12297295,47386,84.61785714,30861,69.45044558,41152,95.87624062
1725,2014,2014/7/23,24174,49.25829326,35804,72.66749203,51163,91.3625,28591,64.34197498,41321,96.2699781
1740,2014,2014/7/31,20145,41.04857772,32585,66.13423718,47900,85.53571429,27188,61.18462508,41181,95.94380504
1743,2014,2014/8/1,22766,46.38927378,32538,66.03884638,53354,95.275,23902,53.78972005,41427,96.5169377
1746,2014,2014/8/2,33151,67.5503301,42310,85.87201396,44713,79.84464286,24968,56.18867585,41069,95.6828666
1749,2014,2014/8/3,26913,54.83943272,30394,61.68740233,53166,94.93928571,21786,49.02781528,41647,97.02949536
1753,2014,2014/8/5,16677,33.98198712,28834,58.52123967,53051,94.73392857,21156,47.61004591,41261,96.13018965
1756,2014,2014/8/6,16157,32.92240606,30674,62.25568793,47272,84.41428571,30818,69.3536772,41288,96.19309445
1758,2014,2014/8/7,17809,36.28861358,31109,63.13856021,50849,90.80178571,43926,98.85228193,41753,97.27645496
1760,2014,2014/8/8,21782,44.38422039,40509,82.21671977,43357,77.42321429,37169,83.64614277,42060,97.99170589
1761,2014,2014/8/9,24993,50.92713343,33711,68.41955714,45459,81.17678571,18564,41.77693762,41459,96.59149154
1762,2014,2014/8/10,22104,45.04034559,25256,51.25936149,46641,83.2875,14316,32.21712125,41794,97.37197707
1781,2014,2014/8/22,24835,50.6051838,23122,46.92821335,39596,70.70714286,16335,36.76073454,42242,98.41573086
1784,2014,2014/8/23,30583,62.3176298,24586,49.89953522,44374,79.23928571,16025,36.06310199,42272,98.48562509
1787,2014,2014/8/24,20852,42.48920042,26102,52.97639585,51215,91.45535714,17558,39.51300747,42317,98.59046643
1792,2014,2014/8/26,21758,44.33531665,29031,58.92106919,47290,84.44642857,24541,55.22774327,41725,97.21122035
1796,2014,2014/8/27,28394,57.85720108,28983,58.8236488,41857,74.74464286,17311,38.95715186,41425,96.51227809
1799,2014,2014/8/29,22585,46.02045807,24866,50.46782083,43352,77.41428571,18076,40.67872896,41907,97.63524533
1802,2014,2014/8/30,27272,55.57095118,23775,48.25353656,43074,76.91785714,34472,77.57673958,41851,97.50477611
1805,2014,2014/8/31,22948,46.76012715,37022,75.13953441,50823,90.75535714,40660,91.50238545,41052,95.64325987
1828,2014,2014/9/12,31238,63.6522944,33764,68.52712549,43460,77.60714286,32480,73.09388784,41050,95.63860025
1830,2014,2014/9/13,32429,66.07914255,29036,58.93121715,41886,74.79642857,19770,44.49095328,41071,95.68752621
1832,2014,2014/9/14,26075,53.13187709,35043,71.12297295,45213,80.7375,33669,75.76964623,41017,95.5617166
1835,2014,2014/9/15,21731,44.28029994,35804,72.66749203,45586,81.40357143,38589,86.84174993,41348,96.3328829
1838,2014,2014/9/16,26339,53.66981824,32585,66.13423718,53500,95.53571429,17832,40.12962463,41397,96.44704347
1841,2014,2014/9/17,19272,39.26970413,32538,66.03884638,49251,87.94821429,22553,50.75389324,41935,97.70047994
1859,2014,2014/9/26,41963,85.50615372,42310,85.87201396,53387,95.33392857,27719,62.37960212,41683,97.11336844
1861,2014,2014/9/27,39843,81.18632325,30394,61.68740233,43328,77.37142857,17682,39.79206049,41293,96.20474349
