x,year,date,ATL,ATL.per,MIA,MIA.per,NYM,NYM.per,PHI,PHI.per,WSN,WSN.per
11096,2010,2010/4/16,27692,51.00191543,25308,67.70284369,27940,65.71643617,44791,97.39502925,17234,38.56775204
11111,2010,2010/4/17,32602,60.04493885,10119,27.06990182,27502,64.68623577,45438,98.80188741,18673,41.78807206
11124,2010,2010/4/18,26546,48.89126271,10681,28.5733394,25684,60.41019851,45245,98.38222184,18789,42.047667
11146,2010,2010/4/20,18032,33.21054958,14390,38.49549236,28535,67.1159093,45305,98.51268782,11623,26.01096565
11164,2010,2010/4/21,21171,38.9918226,12912,34.54161205,32265,75.88907705,45405,98.73013112,15037,33.65111335
11177,2010,2010/4/22,22476,41.39531457,10924,29.22340226,36547,85.96057955,45296,98.49311792,11191,25.04419828
11273,2010,2010/4/30,30082,55.40371298,11613,31.06658463,27623,64.97083451,45264,98.42353606,15518,34.7275372
11284,2010,2010/5/1,27035,49.79188154,16310,43.63179155,24112,56.71276696,45439,98.80406184,18039,40.36925143
11299,2010,2010/5/2,25665,47.26867541,20856,55.79304995,32012,75.29400696,44890,97.61029811,18395,41.16593935
11446,2010,2010/5/14,30657,56.46272285,34886,93.32548621,34681,81.57164362,44261,96.24257975,17098,38.26339935
11459,2010,2010/5/15,32718,60.25858258,13169,35.2291271,36764,86.47097563,44831,97.48200657,15616,34.94685017
11473,2010,2010/5/16,31758,58.49049654,13690,36.62288328,35641,83.82961709,45349,98.60836287,17131,38.33724964
11487,2010,2010/5/17,21086,38.83527332,11633,31.12008775,29313,68.94580864,45193,98.26915132,20161,45.11804856
11498,2010,2010/5/18,27119,49.94658907,12804,34.25269522,31606,74.33907235,45371,98.6562004,21299,47.66476446
11514,2010,2010/5/19,25347,46.68299691,16229,43.41510393,33024,77.67428733,45007,97.86470678,23612,52.8409981
11526,2010,2010/5/20,21621,39.82061294,21221,56.76948182,41343,97.24103867,45140,98.15390637,27378,61.26888218
11627,2010,2010/5/28,23442,43.17445116,26007,69.57277761,41422,97.42685107,45325,98.55617648,30290,67.78561038
11639,2010,2010/5/29,29134,53.65772801,17977,48.09127632,33026,77.67899144,45341,98.59096741,27535,61.6202305
11652,2010,2010/5/30,31078,57.23810225,10870,29.07894385,33223,78.14234641,45310,98.52355998,33774,75.5824102
11672,2010,2010/5/31,42543,78.35383822,11434,30.58773174,35903,84.44585568,45068,97.99734719,22896,51.23867069
11684,2010,2010/6/1,29731,54.75725652,15238,40.7640245,30042,70.66045724,45080,98.02344039,27202,60.87501399
11697,2010,2010/6/2,26309,48.45476647,11381,30.44594848,37165,87.41414997,45353,98.6170606,21767,48.71209578
11857,2010,2010/6/15,30448,56.07779579,15276,40.86568043,36612,86.11346317,44852,97.52766966,40325,90.24281079
11871,2010,2010/6/16,26807,49.3719611,25086,67.1089591,30086,70.76394769,45398,98.71491009,36487,81.65379881
11882,2010,2010/6/17,30427,56.0391189,13324,35.64377625,28072,66.02690752,44098,95.88814717,31763,71.08201857
11892,2010,2010/6/18,29808,54.89907175,10115,27.0592012,32365,76.12428262,44479,96.71660614,13592,30.41736601
11909,2010,2010/6/19,39109,72.02924709,11202,29.96709558,32363,76.11957851,45120,98.11041771,21168,47.37160121
11921,2010,2010/6/20,30072,55.38529542,11468,30.67868703,35045,82.42779189,45254,98.40179173,31913,71.41770169
11997,2010,2010/6/26,39184,72.16737881,17130,45.82541933,31319,73.66403236,45202,98.28872122,20167,45.13147589
12008,2010,2010/6/27,26034,47.94828348,17014,45.51510125,36244,85.24790667,44836,97.49287873,24410,54.62683227
12028,2010,2010/6/28,42889,78.9910859,17310,46.30694738,37510,88.22560918,44510,96.78401357,39214,87.75651785
12032,2010,2010/6/29,19045,35.07624871,23242,62.17597175,37644,88.54078465,45085,98.03431255,29234,65.42240125
12047,2010,2010/6/30,20091,37.0027258,15374,41.1278457,36764,86.47097563,43076,93.66587662,14039,31.41770169
12074,2010,2010/7/2,34332,63.23117725,16718,44.72325513,30029,70.62988052,44426,96.6013612,13762,30.79780687
12083,2010,2010/7/3,30148,55.5252689,22495,60.17763035,36356,85.51133691,42571,92.56778795,17364,38.85867741
12108,2010,2010/7/4,44163,81.33748342,16044,42.9202001,37793,88.89124094,45404,98.72795669,34723,77.70616538
12204,2010,2010/7/15,35057,64.56645057,18073,48.34809128,36402,85.61953147,44715,97.22977234,23977,53.65782701
12216,2010,2010/7/16,37014,68.17076764,18373,49.15063802,37479,88.15269546,44282,96.28824284,22403,50.13539219
12239,2010,2010/7/17,48174,88.72476794,19232,51.44859688,35009,82.34311789,45086,98.03648699,24263,54.29786282
12245,2010,2010/7/18,24732,45.55031678,27037,72.32818812,40087,94.28685671,45029,97.9125443,30263,67.72518742
12276,2010,2010/7/20,30621,56.39641963,23005,61.54195982,34280,80.62846928,45347,98.604014,32590,72.93275148
12287,2010,2010/7/21,30039,55.32451746,21057,56.33075627,35287,82.99698937,44913,97.66031007,38049,85.14937899
12299,2010,2010/7/22,26450,48.7144541,16144,43.18771568,35014,82.35487816,45265,98.4257105,35807,80.13203536
12441,2010,2010/8/2,33030,60.83321055,16012,42.83459512,30036,70.64634491,44781,97.37328492,25939,58.04856216
12454,2010,2010/8/3,26578,48.95019891,18332,49.04095664,30554,71.86470976,44726,97.2536911,15061,33.70482265
12467,2010,2010/8/4,28536,52.55635774,29102,77.8523849,32272,75.90554144,44838,97.4972276,16496,36.91619112
12480,2010,2010/8/5,24538,45.19301606,19204,51.37369252,35440,83.35685389,44379,96.49916284,19549,43.74846145
12497,2010,2010/8/6,42178,77.68159717,30245,80.91008801,31345,73.72518581,45048,97.95385853,22400,50.12867853
12512,2010,2010/8/7,47305,87.12428172,17321,46.33637409,27136,63.82538339,45232,98.35395421,21695,48.55096789
12522,2010,2010/8/8,33865,62.37107706,21844,58.4361039,27096,63.73130116,45378,98.67142143,17921,40.10518071
12582,2010,2010/8/13,38602,71.09547665,19121,51.15165458,28640,67.36287515,45194,98.27132575,18250,40.84144568
12602,2010,2010/8/14,49267,90.73780757,19223,51.42452048,30178,70.98033681,45402,98.72360782,18344,41.05180709
12606,2010,2010/8/15,28105,51.76256078,24344,65.12399347,33024,77.67428733,44881,97.59072822,22871,51.18272351
12622,2010,2010/8/16,20414,37.59761308,19456,52.04783179,32779,77.09803368,45144,98.1626041,30688,68.67628958
12630,2010,2010/8/17,16911,31.14594077,21721,58.10705974,33071,77.78483394,44819,97.45591337,24782,55.4593264
12646,2010,2010/8/18,18105,33.34499779,18326,49.0249057,35788,84.17536927,45401,98.72143339,20224,45.25903547
12657,2010,2010/8/19,15593,28.71850597,18506,49.50643375,31563,74.23793395,44410,96.56657027,16002,35.81067472
12761,2010,2010/8/27,29722,54.74068071,18045,48.27318691,24384,57.35252611,45449,98.82580617,17180,38.44690612
12783,2010,2010/8/28,43846,80.75364668,19226,51.43254595,27438,64.53570421,45093,98.05170802,17941,40.14993846
12796,2010,2010/8/29,38170,70.29983793,23912,63.96832615,29000,68.2096152,45266,98.42788493,16788,37.56965425
12807,2010,2010/8/30,18842,34.70237218,19504,52.17623927,28790,67.71568351,44539,96.84707213,10999,24.61452389
12819,2010,2010/8/31,18430,33.94356859,20616,55.15101255,28002,65.86226362,44081,95.8511818,11893,26.61519526
12836,2010,2010/9/1,19938,36.72093709,18234,48.77879136,33051,77.73779283,45494,98.92365566,12213,27.33131923
12844,2010,2010/9/2,24895,45.85052306,22751,60.86247024,33612,79.05729608,44657,97.10365522,14633,32.74700683
12935,2010,2010/9/9,20776,38.26432886,28716,76.81977475,24666,58.01580581,44958,97.75815956,22515,50.38603558
12952,2010,2010/9/10,40656,74.87844408,20203,54.04617319,28280,66.5161351,44570,96.91447955,23824,53.31543023
12969,2010,2010/9/11,51078,94.07322823,20955,56.05789037,38228,89.91438517,45393,98.70403792,21625,48.39431577
12977,2010,2010/9/12,27156,50.01473405,19422,51.95687649,24661,58.00404554,45006,97.86253234,14309,32.0219313
12986,2010,2010/9/13,18647,34.3432297,21123,56.50731655,29424,69.20688682,45373,98.66054926,19117,42.78169408
13001,2010,2010/9/14,26954,49.64269928,21021,56.23445066,30849,72.55856619,43841,95.32931788,20026,44.81593376
13011,2010,2010/9/15,19237,35.42986592,23124,61.86030336,41075,96.61068774,44221,96.15560243,13413,30.01678416
13172,2010,2010/9/27,26338,48.5081774,25332,67.76704743,35157,82.69122213,45338,98.58444411,16914,37.85162806
13187,2010,2010/9/28,36155,66.58869898,31803,85.07798079,24865,58.4838649,45222,98.33220988,24875,55.66744993
13201,2010,2010/9/29,36390,67.02151171,10696,28.61346673,25878,60.86649732,44936,97.71032203,17217,38.52970796
13232,2010,2010/10/1,51139,94.18557536,11118,29.74238249,16495,38.79715872,45264,98.42353606,23047,51.5765917
13247,2010,2010/10/2,54296,100,10112,27.05117573,25758,60.58425064,45310,98.52355998,26195,58.62146134
13260,2010,2010/10/3,52613,96.90032415,12308,32.92581793,27032,63.58076959,45309,98.52138555,14603,32.6798702
13287,2011,2011/4/8,51331,94.53919257,15069,40.31192317,27380,64.39928498,45274,98.44528039,13568,30.36365671
13293,2011,2011/4/9,36256,66.77471637,37381,100,32819,77.19211591,45302,98.50616452,15142,33.88609153
13311,2011,2011/4/10,43796,80.66155886,11442,30.60913298,26546,62.43767052,45468,98.8671204,21399,47.88855321
13321,2011,2011/4/12,13865,25.53595108,11633,31.12008775,25581,60.16793678,45667,99.29983257,28766,64.37506993
13332,2011,2011/4/13,14351,26.43104464,12150,32.50314331,22232,52.29090225,45716,99.40637979,21611,48.36298534
13347,2011,2011/4/14,16495,30.37977015,16523,44.20159974,32288,75.94317433,45637,99.23459958,15342,34.33366902
13537,2011,2011/4/29,40279,74.18410196,15325,40.99676306,29333,68.99284975,45408,98.73665442,19503,43.64551863
13545,2011,2011/4/30,30546,56.2582879,17409,46.57178781,23433,55.11572114,45743,99.46508948,22497,50.34575361
13560,2011,2011/5/1,34129,62.85730072,10523,28.15066478,35948,84.55169818,45598,99.14979669,18356,41.07866174
13565,2011,2011/5/2,14126,26.01664948,11444,30.61448329,31464,74.00508044,45713,99.39985649,21960,49.14400806
13594,2011,2011/5/4,18803,34.63054369,21955,58.7330462,26312,61.88728949,45695,99.36071669,21024,47.04934542
13605,2011,2011/5/5,15307,28.19176367,18504,49.50108344,23721,55.79311318,44123,95.94250799,19159,42.87568535
13666,2011,2011/5/10,16143,29.73147193,14422,38.58109735,24527,57.68887007,45316,98.53660658,34789,77.85386595
13681,2011,2011/5/11,16692,30.74259614,16345,43.72542201,26835,63.11741462,45495,98.92583009,21017,47.03368021
13691,2011,2011/5/12,19758,36.38942095,18111,48.4497472,33882,79.69235111,45619,99.19545978,24495,54.8170527
13705,2011,2011/5/13,36168,66.61264182,21814,58.35584923,29337,69.00225797,44665,97.12105069,26739,59.8388721
13716,2011,2011/5/14,35238,64.89980846,15315,40.9700115,30791,72.42214696,45425,98.77361978,27130,60.71388609
13732,2011,2011/5/15,42117,77.56925004,17204,46.02338086,24490,57.60184401,45358,98.62793277,19662,44.00134273
13739,2011,2011/5/16,17416,32.0760277,13208,35.33345817,26198,61.61915514,45604,99.16284329,35562,79.58375294
13755,2011,2011/5/17,21085,38.83343156,12404,33.18263289,25234,59.35177345,45633,99.22590185,36614,81.93801052
13881,2011,2011/5/27,30701,56.54376013,14626,39.12682914,30074,70.73572302,45841,99.67818391,35439,79.30849278
13896,2011,2011/5/28,36615,67.43590688,16613,44.44236377,28301,66.56552827,45740,99.45856618,21502,48.11905561
13908,2011,2011/5/29,36392,67.02519523,18888,50.52834328,28114,66.12569386,45706,99.38463546,21367,47.81694081
13923,2011,2011/5/30,25832,47.57624871,25321,67.73762072,21015,49.42845047,45650,99.26286721,21161,47.355936
13935,2011,2011/5/31,18782,34.5918668,16353,43.74682325,29513,69.41621978,45777,99.5390202,22399,50.12644064
13946,2011,2011/6/1,21452,39.50935612,15065,40.30122255,31538,74.17913256,44751,97.30805193,30338,67.89302898
14117,2011,2011/6/14,32161,59.23272433,16984,45.43484658,36213,85.17499294,44906,97.64508904,23522,52.63958823
14132,2011,2011/6/15,31161,57.39096803,17344,46.39790268,37019,87.07074984,45602,99.15849442,32937,73.70929842
14142,2011,2011/6/16,26077,48.027479,19721,52.75674808,38813,91.29033776,45738,99.45421731,19631,43.93196822
14175,2011,2011/6/18,44600,82.14233093,27103,72.5047484,30168,70.95681626,45361,98.63445607,22016,49.26932975
14180,2011,2011/6/19,34599,63.72292618,17333,46.36847596,42020,98.83338037,45424,98.77144535,19046,42.62280407
14195,2011,2011/6/20,22937,42.24436423,16123,43.13153741,42042,98.8851256,45880,99.7629868,29441,65.88564395
14205,2011,2011/6/21,26849,49.44931487,17806,47.63382467,41513,97.64088814,45628,99.21502968,21186,47.41188318
14220,2011,2011/6/22,23152,42.64034183,17044,45.59535593,37304,87.74108571,45685,99.33897236,24650,55.16392525
14332,2011,2011/7/1,33261,61.25865625,20402,54.5785292,41166,96.82472481,45785,99.55641566,21974,49.17533848
14347,2011,2011/7/2,37259,68.62199794,17123,45.80669324,34695,81.6045724,45863,99.72602144,24153,54.0516952
14358,2011,2011/7/3,23492,43.26653897,17101,45.74783981,35448,83.37567034,45714,99.40203092,35414,79.2525456
14375,2011,2011/7/4,36137,66.55554737,19142,51.20783286,30770,72.37275379,45612,99.18023875,25307,56.6342173
14387,2011,2011/7/5,17718,32.6322381,27143,72.61175463,37416,88.00451595,45810,99.61077649,19940,44.62347544
14402,2011,2011/7/6,26271,48.38477973,21304,56.99151976,28862,67.88503152,45403,98.72578225,24326,54.43884973
14415,2011,2011/7/7,21541,39.67327243,26345,70.47698028,33297,78.31639853,45637,99.23459958,20043,44.85397784
14481,2011,2011/7/15,34106,62.81494033,20416,54.61598138,30607,71.98936871,45853,99.70427711,23888,53.45865503
14502,2011,2011/7/16,42456,78.19360542,20011,53.53254327,33556,78.92558096,45383,98.68229359,20374,45.59471859
14511,2011,2011/7/17,30314,55.83100044,19303,51.63853294,29853,70.21591871,45072,98.00604492,19508,43.65670807
14614,2011,2011/7/25,30098,55.43318108,23922,63.99507771,21814,51.30774297,45241,98.3735241,37841,84.6838984
14624,2011,2011/7/26,22036,40.5849418,20011,53.53254327,24619,57.9052592,45640,99.24112288,44685,100
14641,2011,2011/7/27,24186,44.54471784,20330,54.38591798,39589,93.11553298,45740,99.45856618,41727,93.38032897
14659,2011,2011/7/28,38355,70.64056284,21337,57.0797999,32348,76.08429768,45800,99.58903216,19377,43.36354481
14671,2011,2011/7/29,36063,66.4192574,22104,59.13164442,24470,57.5548029,45646,99.25416948,17029,38.10898512
14685,2011,2011/7/30,40656,74.87844408,22431,60.00642037,28234,66.40794054,45599,99.15197112,17881,40.01566521
14695,2011,2011/7/31,23085,42.51694416,25013,66.91367272,25949,61.03349327,45737,99.45204288,17666,39.53451941
14859,2011,2011/8/12,50146,92.35671136,20020,53.55661967,22736,53.47633832,45809,99.60860206,27907,62.45272463
14874,2011,2011/8/13,49781,91.68447031,21204,56.72400417,19478,45.81334086,45762,99.50640371,29679,66.41826116
14881,2011,2011/8/14,32011,58.95646088,17881,47.83446136,29335,68.99755386,45570,99.08891257,25518,57.10641155
14890,2011,2011/8/15,23498,43.27758951,22505,60.20438191,30806,72.45742779,45742,99.46291504,21638,48.4234083
14900,2011,2011/8/16,22108,40.71754825,21659,57.94120007,27905,65.63411422,45894,99.79342886,18307,40.96900526
14917,2011,2011/8/17,22202,40.89067335,25333,67.76972259,27562,64.82735911,45633,99.22590185,30935,69.22904778
14934,2011,2011/8/18,30720,56.5787535,21234,56.80425885,25953,61.0429015,45783,99.5520668,24238,54.24191563
14946,2011,2011/8/19,30142,55.51421836,21112,56.47788984,27639,65.0084674,45770,99.52379917,22932,51.31923464
14972,2011,2011/8/21,34846,64.17783999,22318,59.70412777,30443,71.60363157,45689,99.3476701,33247,74.40304353
15084,2011,2011/8/30,16674,30.70944453,21303,56.9888446,33502,78.79856995,45523,98.98671421,26581,59.48528589
15101,2011,2011/8/31,20687,38.10041255,21340,57.08782537,27015,63.54078465,45267,98.43005936,28817,64.48920219
15113,2011,2011/9/1,18794,34.61396788,21733,58.13916161,25359,59.64578041,44781,97.37328492,33986,76.05684234
15126,2011,2011/9/2,32563,59.97311036,22240,59.49546561,22205,52.22739674,44870,97.56680945,37638,84.22960725
15140,2011,2011/9/3,37515,69.09348755,21058,56.33343142,32437,76.29363063,44216,96.14473026,40907,91.54526127
15153,2011,2011/9/4,33852,62.34713423,21902,58.59126294,33961,79.87816351,45572,99.09326143,26959,60.33120734
15256,2011,2011/9/12,17216,31.70767644,34615,92.60051898,32796,77.13801863,45470,98.87146926,35489,79.42038715
15269,2011,2011/9/13,22707,41.82076028,30169,80.70677617,28651,67.38874777,45063,97.98647503,25679,57.46671142
15286,2011,2011/9/14,22245,40.96986887,31659,84.69275835,30027,70.6251764,45048,97.95385853,16245,36.35448137
15313,2011,2011/9/16,43901,80.85494327,34232,91.5759343,28816,67.77683696,44263,96.24692861,17886,40.02685465
15330,2011,2011/9/17,46763,86.1260498,24544,65.65902464,34614,81.41405588,45408,98.73665442,14520,32.49412555
15344,2011,2011/9/18,39862,73.41608958,25723,68.81303336,30544,71.8411892,45083,98.02996369,18045,40.38267875
15457,2011,2011/9/26,42597,78.45329306,23168,61.97801022,33844,79.602973,45064,97.98864946,24640,55.14154638
15467,2011,2011/9/27,38663,71.20782378,31949,85.46855354,23866,56.13416126,45359,98.6301072,26745,59.85229943
15485,2011,2011/9/28,45350,83.52364815,33525,89.68459913,20192,47.49270863,45429,98.78231751,22675,50.74409757
15519,2012,2012/4/13,50635,93.25733019,34918,93.4110912,20623,48.50644463,45750,99.48031051,16274,36.41938011
15526,2012,2012/4/14,37408,68.89641963,31007,82.94855675,20660,48.59347069,45829,99.65209072,19656,43.98791541
15536,2012,2012/4/15,30831,56.78318845,32128,85.94740644,26995,63.49374353,45261,98.41701276,34377,76.93185633
15543,2012,2012/4/16,16161,29.76462355,26401,70.62678901,30253,71.15674099,45196,98.27567462,39496,88.3876021
15556,2012,2012/4/17,18732,34.49977899,24242,64.85112758,29107,68.46128516,45550,99.04542391,33058,73.9800828
15570,2012,2012/4/18,17909,32.98401356,25155,67.29354485,20061,47.18458933,45397,98.71273565,23902,53.48998545
15680,2012,2012/4/27,36215,66.69920436,22242,59.50081592,22268,52.37557625,44365,96.46872078,25942,58.05527582
15692,2012,2012/4/28,34086,62.7781052,23985,64.16361253,22659,53.29523003,43821,95.28582922,25757,57.64126664
15713,2012,2012/4/30,17181,31.64321497,24099,64.46858029,29943,70.42760373,43840,95.32714345,36680,82.08571109
15726,2012,2012/5/1,21640,39.85560631,27123,72.55825152,24498,57.62066046,44056,95.79682098,42331,94.73201298
15741,2012,2012/5/2,26504,48.81390894,30663,82.02830315,28745,67.609841,45542,99.02802844,41918,93.80776547
15754,2012,2012/5/3,24015,44.22977752,30199,80.78703084,28361,66.70665161,45442,98.81058514,41042,91.84737608
15886,2012,2012/5/14,19697,36.27707382,31528,84.34231294,32122,75.55273309,43824,95.29235252,38046,85.14266532
15899,2012,2012/5/15,21530,39.65301311,25969,69.47112169,25487,59.94684354,43781,95.1988519,27335,61.17265302
15916,2012,2012/5/16,21106,38.87210844,25432,68.03456301,30064,70.71220246,45205,98.29524451,32096,71.82723509
15930,2012,2012/5/17,27724,51.06085163,22619,60.50934967,27069,63.66779565,45656,99.27591381,41406,92.6619671
16041,2012,2012/5/25,37663,69.36606748,22402,59.92884085,27914,65.65528272,45586,99.12370349,41287,92.3956585
16057,2012,2012/5/26,42698,78.63931045,29628,79.25951687,23559,55.41208016,43787,95.2118985,41442,92.74253105
16071,2012,2012/5/27,38543,70.98681302,30963,82.8308499,25830,60.75359865,45569,99.08673813,27835,62.29159673
16088,2012,2012/5/28,42426,78.13835273,31111,83.22677296,34716,81.65396557,43926,95.51414469,29551,66.13181157
16096,2012,2012/5/29,26218,48.28716664,32562,87.10842407,27988,65.82933484,44497,96.75574594,36985,82.76826676
16109,2012,2012/5/30,28474,52.44216885,29326,78.45161981,40134,94.39740333,45509,98.95627215,35806,80.12979747
16222,2012,2012/6/8,42488,78.25254162,33119,88.59848586,29014,68.24254398,45356,98.6235839,29819,66.7315654
16228,2012,2012/6/9,32819,60.44459997,22387,59.88871352,32587,76.64643899,45572,99.09326143,28951,64.78907911
16250,2012,2012/6/11,42669,78.58589951,24448,65.40220968,29855,70.22062282,43989,95.65113397,28032,62.73246056
16264,2012,2012/6/12,41452,76.3444821,27888,74.60474573,40191,94.53147051,44216,96.14473026,25125,56.22692179
16281,2012,2012/6/13,48938,90.13186975,27369,73.21633985,42122,99.07329006,44096,95.8837983,26342,58.95043079
16296,2012,2012/6/15,30384,55.95992338,25444,68.06666488,42364,99.64248753,44329,96.39044119,31660,70.85151617
16313,2012,2012/6/16,41131,75.75327833,28397,75.96640004,42516,100,43729,95.08578138,36389,81.43448585
16322,2012,2012/6/17,29530,54.3870635,28246,75.56245151,28687,67.47342177,43805,95.25103829,34228,76.5984111
16428,2012,2012/6/26,23513,43.30521585,31311,83.76180413,28409,66.81955029,44878,97.58420492,28745,64.3280743
16444,2012,2012/6/27,20039,36.90695447,31727,84.87466895,27956,65.75406906,44785,97.38198265,34917,78.14031554
16468,2012,2012/6/29,32299,59.4868867,30911,82.69174179,26096,61.37924546,44721,97.24281893,30167,67.51035023
16477,2012,2012/6/30,26491,48.78996611,28707,76.79569835,25920,60.96528366,45096,98.05823132,23777,53.21024952
16493,2012,2012/7/1,18796,34.61765139,29889,79.95773254,30806,72.45742779,44521,96.80793233,28825,64.50710529
16513,2012,2012/7/2,22292,41.05643141,29248,78.24295765,33503,78.80092201,44441,96.63397769,32334,72.3598523
16523,2012,2012/7/3,27834,51.26344482,29019,77.63034697,31184,73.34650485,44797,97.40807584,33449,74.85509679
16541,2012,2012/7/4,40604,74.78267276,25616,68.52679169,26735,62.88220905,43881,95.4162952,30453,68.15038604
16550,2012,2012/7/5,24408,44.95358774,36711,98.2076456,36236,85.22909022,44205,96.1208115,34827,77.93890567
16612,2012,2012/7/13,37020,68.18181818,23161,61.95928413,35517,83.53796218,45989,100,42662,95.47275372
16622,2012,2012/7/14,32565,59.97679387,26401,70.62678901,28968,68.13434942,44551,96.87316532,33764,75.56003133
16663,2012,2012/7/17,29623,54.55834684,27730,74.18207111,26193,61.60739486,43717,95.05968819,21298,47.66252657
16675,2012,2012/7/18,29410,54.16605275,28130,75.25213344,28985,68.17433437,43745,95.12057231,33888,75.83752937
16689,2012,2012/7/19,29635,54.58044792,27681,74.05098847,25101,59.03895004,44715,97.22977234,29111,65.1471411
16802,2012,2012/7/27,42239,77.79394431,28388,75.94232364,30388,71.47426851,43766,95.1662354,23269,52.07340271
16810,2012,2012/7/28,39886,73.46029173,23309,62.35520719,24891,58.54501835,43762,95.15753767,29499,66.01544142
16822,2012,2012/7/29,23726,43.69750995,23879,63.88004601,23833,56.05654342,43741,95.11187458,34004,76.09712431
16835,2012,2012/7/30,22624,41.6678945,22450,60.05724833,27633,64.99435507,41665,90.59775164,31096,69.58934766
16872,2012,2012/8/2,19685,36.25497274,24877,66.54985153,22204,52.22504469,42660,92.76131249,23215,51.95255679
16881,2012,2012/8/3,28300,52.12170326,24909,66.63545652,25513,60.00799699,41501,90.24114462,17648,39.49423744
16897,2012,2012/8/4,30029,55.3060999,23099,61.79342447,25071,58.96838837,43122,93.76590054,21244,47.54168065
16910,2012,2012/8/5,23474,43.23338736,26402,70.62946417,24071,56.61633267,44233,96.18169562,22447,50.23385924
17018,2012,2012/8/13,18250,33.61205245,25333,67.76972259,25603,60.219682,42877,93.23316445,28533,63.85364216
17028,2012,2012/8/14,16427,30.25453072,22391,59.89941414,23161,54.47596199,44341,96.41653439,28860,64.58543135
17043,2012,2012/8/15,16302,30.02431118,23403,62.60667184,21923,51.56411704,45091,98.04735915,24396,54.59550185
17063,2012,2012/8/16,33157,61.0671136,18707,50.04414007,22596,53.14705052,41794,90.8782535,21013,47.02472866
17073,2012,2012/8/17,33093,60.9492412,27111,72.52614965,21205,49.87534105,41972,91.26530257,26931,60.26854649
17093,2012,2012/8/18,42219,77.75710918,27502,73.57213558,20527,48.28064729,42096,91.53493227,30359,67.94002462
17101,2012,2012/8/19,26798,49.3553853,24983,66.83341805,21741,51.1360429,44256,96.23170758,30382,67.99149603
17258,2012,2012/8/31,31203,57.46832179,23308,62.35253203,20010,47.06463449,44653,97.09495749,40493,90.61877588
17278,2012,2012/9/1,44749,82.41675262,23009,61.55266044,25446,59.85040926,41227,89.64534997,33111,74.09869084
17290,2012,2012/9/2,36394,67.02887874,25998,69.54870121,30332,71.34255339,43141,93.80721477,25302,56.62302786
17301,2012,2012/9/3,24848,45.76396051,28201,75.4420695,26923,63.32439552,42028,91.38707082,35387,79.19212264
17313,2012,2012/9/4,16686,30.7315456,30202,80.79505631,22072,51.91457334,40394,87.83404727,37075,82.96967663
17328,2012,2012/9/5,16714,30.78311478,28317,75.75238758,25286,59.47408035,41813,90.91956772,24412,54.63130805
17338,2012,2012/9/6,19313,35.5698394,29709,79.47620449,22890,53.8385549,41505,90.24984235,24586,55.02070046
17446,2012,2012/9/14,41797,76.97988802,34439,92.12969155,31506,74.10386678,42028,91.38707082,24785,55.46604006
17457,2012,2012/9/15,38763,71.39199941,14222,38.04606618,28474,66.97243391,42178,91.71323577,33130,74.1412107
17470,2012,2012/9/16,29094,53.58405776,13810,36.94390198,26675,62.74108571,44052,95.78812325,41992,93.97336914
17578,2012,2012/9/25,25632,47.20789745,17923,47.9468179,24325,57.21375482,45377,98.66924699,39389,88.14814815
17593,2012,2012/9/26,23420,43.13393252,20037,53.60209732,26225,61.68266065,43968,95.60547087,27263,61.01152512
17607,2012,2012/9/27,27270,50.22469427,21412,57.28043659,21135,49.71069715,42304,91.98721433,29986,67.1052926
17630,2012,2012/9/28,51910,95.60556947,15933,42.6232578,24851,58.45093612,41440,90.10850421,33694,75.40337921
17644,2012,2012/9/29,48310,88.9752468,16200,43.33752441,21582,50.76206605,44070,95.82726304,24748,55.38323822
17660,2012,2012/9/30,50635,93.25733019,22302,59.66132527,28990,68.18609465,39451,85.78355694,32995,73.83909589
17714,2013,2013/4/7,45800,84.35243849,15394,41.18134881,23394,55.02399097,35393,76.95970776,38903,87.06053486
17810,2013,2013/4/16,26400,48.62236629,16017,42.84797089,21470,50.49863581,38305,83.2916567,36457,81.58666219
17822,2013,2013/4/17,23018,42.39354649,27519,73.61761323,20147,47.38686612,38715,84.18317424,34893,78.08660624
17970,2013,2013/4/29,22870,42.12096655,19817,53.01356304,25153,59.16125694,34256,74.48737742,28742,64.32136064
17981,2013,2013/4/30,19243,35.44091646,15605,41.74580669,28404,66.80779001,34092,74.1307704,37191,83.22927157
17998,2013,2013/5/1,22460,41.36584647,15018,40.17549022,23038,54.18665914,41050,89.26047533,37116,83.06143001
18004,2013,2013/5/2,19806,36.47782525,16188,43.30542254,23183,54.52770722,35115,76.35521538,38788,86.8031778
18014,2013,2013/5/3,30871,56.8568587,14694,39.30873973,30415,71.53777401,31002,67.41177238,28980,64.85397784
18042,2013,2013/5/5,32849,60.49985266,14866,39.76886654,32325,76.0302004,32158,69.92541695,38012,85.06657715
18194,2013,2013/5/17,43238,79.63385885,16680,44.62159921,27622,64.96848245,33443,72.71956337,39033,87.35146022
18203,2013,2013/5/18,38615,71.11941948,13444,35.96479495,27296,64.2017123,36978,80.40618409,41260,92.33523554
18222,2013,2013/5/19,43118,79.41284809,18786,50.25547738,32911,77.40850503,36292,78.91452304,31473,70.43303122
18228,2013,2013/5/20,20173,37.15374982,20206,54.05419866,31877,74.97647944,40091,87.17519407,36155,80.91082019
18243,2013,2013/5/21,28663,52.79026079,13231,35.39498676,20338,47.83610876,45276,98.44962926,41587,93.06702473
18255,2013,2013/5/22,27798,51.19714159,13996,37.44148097,21747,51.15015524,39689,86.301072,27949,62.5467159
18347,2013,2013/5/30,29976,55.20848681,15520,41.51841845,21581,50.75971399,38440,83.58520516,38516,86.19447242
18362,2013,2013/5/31,36650,67.50036835,16671,44.59752281,23331,54.87581146,43129,93.78112157,34917,78.14031554
18379,2013,2013/6/1,46910,86.39678798,18434,49.31382253,25471,59.90921065,41817,90.92826545,35787,80.08727761
18387,2013,2013/6/2,30134,55.49948431,13259,35.46989112,32213,75.76677016,41009,89.17132358,39307,87.96464138
18396,2013,2013/6/3,19526,35.96213349,13110,35.0712929,27004,63.51491203,38831,84.43540847,30287,67.77889672
18408,2013,2013/6/4,28681,52.82341241,13468,36.02899869,30256,71.16379716,37420,81.36728348,31172,69.7594271
18422,2013,2013/6/5,28703,52.86393104,15403,41.20542522,28363,66.71135572,41114,89.39963904,32948,73.73391518
18541,2013,2013/6/14,45833,84.41321644,16098,43.06465852,33366,78.47869038,40613,88.3102481,24889,55.69878035
18555,2013,2013/6/15,47178,86.89037867,18468,49.40477783,22240,52.30971869,35087,76.29433125,24897,55.71668345
18562,2013,2013/6/16,33681,62.0321939,14581,39.00644713,21500,50.56919748,38932,84.6550262,28920,64.7197046
18575,2013,2013/6/17,22048,40.60704288,15318,40.97803697,41257,97.03876188,38643,84.02661506,38221,85.53429562
18598,2013,2013/6/19,21852,40.24605864,18347,49.08108397,24224,56.9761972,44990,97.82774142,33979,76.04117713
18615,2013,2013/6/20,33824,62.29556505,19266,51.53955218,35021,82.37134255,38188,83.03724804,33314,74.55298199
18720,2013,2013/6/28,48282,88.92367762,15929,42.61255718,26722,62.85163233,39594,86.09450086,31483,70.45541009
18731,2013,2013/6/29,39180,72.16001179,14669,39.24186084,32127,75.56449337,40062,87.11213551,39146,87.6043415
18744,2013,2013/6/30,34574,63.67688227,15745,42.12032851,25111,59.0624706,45725,99.42594968,41816,93.57950095
18764,2013,2013/7/2,28045,51.6520554,17399,46.54503625,24355,57.28431649,44951,97.74293853,34758,77.78449144
18773,2013,2013/7/3,26129,48.12325033,23921,63.99240256,28194,66.31385831,42044,91.42186175,29200,65.34631308
18892,2013,2013/7/11,40186,74.01281862,16861,45.10580241,35793,84.18712955,37044,80.54969667,32976,73.79657603
18905,2013,2013/7/12,43275,79.70200383,20057,53.65560044,31032,72.98899238,38148,82.95027072,33636,75.27358174
18920,2013,2013/7/13,46946,86.4630912,19766,52.87713009,25095,59.02483771,33061,71.88892996,38862,86.96878147
18927,2013,2013/7/14,29846,54.96905849,18718,50.07356679,25658,60.34904507,33502,72.84785492,33689,75.39218977
19050,2013,2013/7/26,50124,92.31619272,22410,59.9502421,27198,63.97121084,34513,75.0462067,37464,83.84021484
19064,2013,2013/7/27,48312,88.97893031,24207,64.75749712,27581,64.87204817,40086,87.1643219,31467,70.41960389
19075,2013,2013/7/28,34478,63.50007367,19343,51.74553918,25863,60.83121648,41562,90.37378504,33002,73.85476111
19094,2013,2013/7/30,28107,51.76624429,23408,62.62004762,22935,53.9443974,43249,94.04205353,30875,69.09477453
19105,2013,2013/7/31,22097,40.69728893,18714,50.06286616,35636,83.81785681,40151,87.30566005,29114,65.15385476
19220,2013,2013/8/9,37424,68.92588773,25916,69.32933843,32084,75.46335497,36492,79.34940964,27831,62.28264518
19234,2013,2013/8/10,42177,77.67975541,17731,47.43318798,25784,60.64540408,34067,74.07640958,32676,73.1252098
19247,2013,2013/8/11,32881,60.55878886,22997,61.52055857,25700,60.4478314,33645,73.15879884,32355,72.40684794
19259,2013,2013/8/12,20676,38.08015323,25077,67.08488269,24447,57.50070562,41161,89.5018374,27304,61.10327851
19270,2013,2013/8/13,21697,39.96058642,26166,69.99812739,22008,51.76404177,37235,80.96501337,30657,68.60691507
19284,2013,2013/8/14,18638,34.3266539,24653,65.95061662,20174,47.45037162,36841,80.10828676,36719,82.1729887
19314,2013,2013/8/16,35663,65.68255488,23113,61.83087665,20307,47.76319503,36171,78.65141664,24616,55.08783708
19332,2013,2013/8/17,40866,75.26521291,27127,72.56895214,20151,47.39627434,42510,92.43514754,24394,54.59102607
19342,2013,2013/8/18,27221,50.13444821,25690,68.72475322,20484,48.17950889,36964,80.37574203,27374,61.25993063
19458,2013,2013/8/27,21400,39.41358479,24996,66.86819507,25175,59.21300216,42082,91.5044902,35008,78.3439633
19472,2013,2013/8/28,20804,38.31589804,25609,68.50806559,32237,75.82321949,40336,87.70793016,34481,77.16459662
19485,2013,2013/8/29,22081,40.66782083,19253,51.50477515,25165,59.18948161,35269,76.69007806,28995,64.88754616
19496,2013,2013/8/30,28255,52.03882422,23333,62.41941093,24343,57.25609182,34018,73.96986236,31325,70.10182388
19508,2013,2013/8/31,32727,60.27515839,20191,54.01407132,23698,55.7390159,36578,79.53641088,33972,76.02551192
19530,2013,2013/9/1,38441,70.79895388,25118,67.19456408,22897,53.85501929,31619,68.75339755,33746,75.51974936
19541,2013,2013/9/2,26530,48.86179461,18990,50.80120917,21350,50.21638912,32619,70.92783057,25066,56.09488643
19555,2013,2013/9/3,21221,39.08391042,18503,49.49840828,25276,59.45055979,34637,75.3158364,28369,63.48662862
19701,2013,2013/9/14,40153,73.95204067,19095,51.08210053,41891,98.52996519,36128,78.55791602,30636,68.55991944
19713,2013,2013/9/15,36125,66.53344629,25111,67.17583799,25424,59.79866403,30248,65.77224989,25945,58.06198948
19818,2013,2013/9/23,19893,36.63805805,15274,40.86033011,33199,78.08589707,28826,62.68020614,34752,77.77106412
19830,2013,2013/9/24,22605,41.63290113,18627,49.8301276,31476,74.03330511,31495,68.48376786,34824,77.93219201
19842,2013,2013/9/25,19558,36.02106969,19375,51.83114416,33131,77.92595729,37088,80.64537172,35101,78.55208683
19861,2013,2013/9/26,27858,51.30764697,19180,51.30948878,20220,47.55856619,36330,78.99715149,37841,84.6838984
19874,2013,2013/9/27,38711,71.29622808,26992,72.2078061,21981,51.70053627,38706,84.16360434,21728,48.62481817
19887,2013,2013/9/28,38171,70.30167968,28750,76.91073005,22669,53.31875059,29242,63.58477027,20869,46.70247287
19903,2013,2013/9/29,42194,77.71106527,28315,75.74703726,21171,49.79537115,30351,65.99621649,28987,64.86964306
19941,2014,2014/4/8,47144,86.82775895,35188,94.13338327,21492,50.55038103,29986,65.20254844,31237,69.90488978
19962,2014,2014/4/10,29470,54.27655813,22496,60.1803055,26861,63.17856807,28872,62.78023006,41084,91.94136735
19970,2014,2014/4/11,28243,52.01672315,18788,50.26082769,30036,70.64634491,33117,72.01069821,27653,61.88430122
19984,2014,2014/4/12,36621,67.44695742,19931,53.3185308,29170,68.60946467,36650,79.69297006,24371,54.53955466
19995,2014,2014/4/13,27919,51.41999411,20178,53.97929429,28926,68.03556308,44398,96.54047707,21915,49.04330312
20092,2014,2014/4/21,16055,29.56939738,21388,57.21623285,22288,52.42261737,45061,97.98212616,22504,50.36141882
20104,2014,2014/4/22,18275,33.65809636,24003,64.21176534,23721,55.79311318,31168,67.77272826,22904,51.25657379
20118,2014,2014/4/23,21508,39.61249447,21992,58.83202697,23416,55.07573619,25492,55.43064646,25497,57.05941591
20144,2014,2014/4/25,31111,57.29888021,15558,41.62007437,24551,57.74531941,22283,48.45289091,31590,70.69486405
20157,2014,2014/4/26,33702,62.07087078,17836,47.71407935,29309,68.93640041,34272,74.52216834,34873,78.0418485
20169,2014,2014/4/27,31446,57.91586857,20722,55.43457906,20263,47.65970458,26516,57.65726587,25447,56.94752154
20235,2014,2014/5/3,34648,63.81317224,24104,64.48195607,34839,81.94326842,23382,50.84259279,34756,77.78001567
20248,2014,2014/5/4,30067,55.37608664,20606,55.12426099,20206,47.52563741,25750,55.99165018,34413,77.01242028
20257,2014,2014/5/5,20048,36.92353028,18315,48.99547899,20170,47.4409634,28189,61.2950923,41225,92.25690948
20282,2014,2014/5/7,21796,40.14292029,18010,48.17955646,22155,52.10979396,31945,69.46226271,36965,82.72350901
20305,2014,2014/5/9,27145,49.99447473,18699,50.02273882,28085,66.05748424,33441,72.71521451,24505,54.83943158
20320,2014,2014/5/10,30658,56.46456461,18257,48.84031995,38269,90.01081946,37490,81.51949379,26455,59.20331207
20332,2014,2014/5/11,26151,48.16376897,25507,68.2351997,38987,91.69959545,26057,56.65920111,28944,64.7734139
20429,2014,2014/5/19,20468,37.69706792,18989,50.79853401,25751,60.56778625,33308,72.42601492,33677,75.36533512
20437,2014,2014/5/20,20045,36.91800501,25819,69.06984832,23367,54.96048546,27316,59.39681228,24830,55.56674499
20450,2014,2014/5/21,18148,33.42419331,18469,49.40745298,30377,71.4483959,30075,65.39607297,31659,70.84927828
20470,2014,2014/5/22,30148,55.5252689,26875,71.89481287,24418,57.432496,36096,78.48833417,35164,78.69307374
20477,2014,2014/5/23,25646,47.23368204,21997,58.84540274,25213,59.30238028,27254,59.26199743,32813,73.43180038
20488,2014,2014/5/24,26741,49.25040519,18155,48.56745405,20836,49.0074325,36141,78.58618365,25291,56.5984111
20500,2014,2014/5/25,35565,65.50206277,21303,56.9888446,20671,48.61934331,27289,59.33810259,33614,75.22434822
20524,2014,2014/5/26,48501,89.32702225,19054,50.97241914,21327,50.16229184,23159,50.35769423,33016,73.88609153
20535,2014,2014/5/27,37168,68.45439811,21195,56.69992777,23528,55.33916643,23691,51.5144926,29960,67.04710753
20625,2014,2014/6/3,36503,67.22963018,19170,51.28273722,25914,60.95117132,26668,57.98777969,25453,56.96094886
20636,2014,2014/6/4,26960,49.65374982,20860,55.80375057,35283,82.98758115,30236,65.74615669,32193,72.04431017
20757,2014,2014/6/13,39699,73.11588331,27032,72.31481234,28187,66.29739392,37516,81.57602905,36608,81.92458319
20775,2014,2014/6/14,48559,89.43384411,19725,52.7674487,26525,62.38827735,36039,78.36439148,40677,91.03054716
20779,2014,2014/6/15,29320,54.00029468,24502,65.54666809,27069,63.66779565,26302,57.1919372,39473,88.33613069
20797,2014,2014/6/16,23900,44.01797554,24613,65.84361039,37647,88.54784081,31037,67.48787754,33660,75.32729104
20812,2014,2014/6/17,41631,76.67415648,18666,49.93445868,28905,67.98616991,25398,55.22624976,26033,58.25892358
20824,2014,2014/6/18,28500,52.49005452,19358,51.78566652,33687,79.23370025,29372,63.86744656,28943,64.77117601
20976,2014,2014/6/30,28075,51.70730809,21917,58.63139028,32408,76.22542102,26154,56.87012112,41274,92.36656596
20987,2014,2014/7/1,21347,39.31597171,18518,49.53853562,27187,63.94533823,31524,68.54682642,38473,86.09824326
21002,2014,2014/7/2,23601,43.46729041,20084,53.72782965,21200,49.86358077,41238,89.66926874,32941,73.71824997
21033,2014,2014/7/4,48815,89.90533373,24915,66.65150745,21364,50.2493179,32161,69.93194025,35126,78.60803402
21038,2014,2014/7/5,30405,55.99860027,23017,61.57406169,22782,53.58453288,24860,54.05640479,39373,88.11234195
21053,2014,2014/7/6,23709,43.66620009,24882,66.56322731,25016,58.83902531,23360,50.79475527,38649,86.49211145
21170,2014,2014/7/18,39747,73.20428761,25221,67.47010513,30744,72.31160034,34168,74.29602731,36373,81.39867965
21182,2014,2014/7/19,38602,71.09547665,20027,53.57534576,27938,65.71173205,38100,82.84589793,35722,79.94181493
21190,2014,2014/7/20,24859,45.78421983,22672,60.65113293,22406,52.70015994,28845,62.72152036,28410,63.57838201
21209,2014,2014/7/21,26766,49.29644909,26319,70.40742623,22014,51.77815411,33215,72.22379265,36155,80.91082019
21220,2014,2014/7/22,22998,42.35671136,18056,48.30261363,22154,52.1074419,30094,65.4373872,30038,67.22166275
21232,2014,2014/7/23,20102,37.02298512,20410,54.59993045,25250,59.38940634,32072,69.73841571,42181,94.39632986
21249,2014,2014/7/24,26446,48.70708708,25159,67.30424547,28053,65.98221846,30185,65.63526061,40686,91.05068815
21261,2014,2014/7/25,31647,58.28606159,26707,71.44538669,27159,63.87948067,27334,59.43595208,26701,59.75383238
21276,2014,2014/7/26,33820,62.28819803,21144,56.56349482,21710,51.06312917,30109,65.4700037,38611,86.40707172
21288,2014,2014/7/27,31456,57.93428614,22703,60.73406276,21035,49.47549158,28648,62.29315706,36945,82.67875126
21447,2014,2014/8/8,32707,60.23832327,20044,53.62082341,21260,50.00470411,33258,72.31729327,41880,93.72272575
21458,2014,2014/8/9,36832,67.835568,17074,45.6756106,21111,49.65424781,25698,55.87857966,34430,77.05046436
21466,2014,2014/8/10,18191,33.50338883,18286,48.91789947,25792,60.66422053,29097,63.26947748,21292,47.64909925
21482,2014,2014/8/11,20053,36.93273906,19563,52.33407346,28849,67.85445479,31514,68.52508208,26827,60.0358062
21499,2014,2014/8/12,31904,58.75939296,19296,51.61980685,31553,74.2144134,28336,61.61473396,24113,53.9621797
21515,2014,2014/8/13,33299,61.32864299,20277,54.24413472,23027,54.16078653,26691,58.03779165,32311,72.30838089
21520,2014,2014/8/14,19347,35.63245911,16672,44.60019796,21602,50.80910716,26609,57.85948814,33718,75.45708851
21534,2014,2014/8/15,30606,56.36879328,23090,61.76934806,23892,56.19531471,32307,70.24940747,34137,76.39476334
21551,2014,2014/8/16,40760,75.06998674,17745,47.47064016,27729,65.22015241,39153,85.1355759,35476,79.39129462
21559,2014,2014/8/17,25461,46.89295712,17737,47.44923892,34886,82.05381503,31061,67.54006393,27437,61.40091753
21715,2014,2014/8/29,26278,48.39767202,19951,53.37203392,34897,82.07968765,26076,56.70051534,37408,83.71489314
21728,2014,2014/8/30,25335,46.66089583,25485,68.17634627,22240,52.30971869,28102,61.10591663,29108,65.14042744
21754,2014,2014/8/31,45754,84.2677177,20013,53.53789358,21500,50.56919748,31592,68.69468786,25448,56.94975943
21763,2014,2014/9/1,34178,62.94754678,18010,48.17955646,41257,97.03876188,25157,54.7022114,29233,65.42016337
21772,2014,2014/9/2,19444,35.81110947,19815,53.00821273,24224,56.9761972,28366,61.67996695,31086,69.56696878
21788,2014,2014/9/3,19724,36.32680124,20983,56.13279474,35021,82.37134255,30352,65.99839092,30714,68.73447466
21943,2014,2014/9/15,18220,33.55679976,22806,61.00960381,21582,50.76206605,30580,66.49416165,26439,59.16750587
21959,2014,2014/9/16,28175,51.89148372,18969,50.7450309,28990,68.18609465,23089,50.20548392,28629,64.06847936
21976,2014,2014/9/17,26643,49.06991307,22491,60.16692972,23394,55.02399097,25238,54.87834047,27920,62.48181716
21999,2014,2014/9/19,35693,65.73780757,24259,64.89660523,21470,50.49863581,33183,72.15421079,37529,83.98567752
22012,2014,2014/9/20,33794,62.24031236,21917,58.63139028,20147,47.38686612,23140,50.31638,35085,78.51628063
22030,2014,2014/9/21,35354,65.11345219,18518,49.53853562,20623,48.50644463,26900,58.49224815,28369,63.48662862
22039,2014,2014/9/22,20252,37.29924856,20084,53.72782965,20660,48.59347069,25315,55.04577181,30636,68.55991944
22050,2014,2014/9/23,23029,42.41380581,23017,61.57406169,26995,63.49374353,26535,57.6985801,25945,58.06198948
22065,2014,2014/9/24,25457,46.8855901,24882,66.56322731,30253,71.15674099,27039,58.79449434,34752,77.77106412
22083,2014,2014/9/25,35140,64.71931634,25221,67.47010513,29107,68.46128516,26163,56.88969101,34430,77.05046436
