x,year,date,BAL,BAL.per,BOS,BOS.per,NYY,NYY.per,TBR,TBR.per,TOR,TOR.per
1,2010,2010/4/11,22499,46.12813942,37084,96.2221069,49293,99.14916727,31253,84.52925108,46321,99.22455712
2,2010,2010/4/12,9129,18.71655561,37022,96.06123508,42372,85.22809558,23870,64.56062532,12167,26.0630208
3,2010,2010/4/13,13731,28.15171707,37143,96.3751946,42145,84.77150213,23250,62.88372596,10610,22.72775957
4,2010,2010/4/14,10248,21.01076371,37609,97.58432797,44963,90.43969748,10825,29.27812187,10744,23.01480196
5,2010,2010/4/27,20536,42.10353665,37614,97.5973015,44121,88.74607772,10691,28.91569524,14779,31.65820534
6,2010,2010/4/28,17248,35.36237827,37518,97.34820965,44783,90.077641,12766,34.52789874,17187,36.81639997
7,2010,2010/4/29,26439,54.20604818,37417,97.08614427,45265,91.0471478,25195,68.14432153,14246,30.5164621
8,2010,2010/4/30,30668,62.8764736,37367,96.95640893,45303,91.12358195,34813,94.15789901,10314,22.09369578
9,2010,2010/5/2,34255,70.23065095,38017,98.64296834,41571,83.61694424,19757,53.43629135,10565,22.63136474
10,2010,2010/5/11,12614,25.86160943,37102,96.26881162,43260,87.01424089,27856,75.34146539,15577,33.36760705
11,2010,2010/5/12,11448,23.47104049,37404,97.05241308,43425,87.346126,23627,63.90338896,13847,29.66176124
12,2010,2010/5/13,20938,42.92772937,37411,97.07057602,45195,90.90634806,23005,62.22108025,14776,31.65177902
13,2010,2010/5/14,25902,53.10507432,37601,97.56357032,46347,93.22350953,18879,51.06158548,15276,32.72283272
14,2010,2010/5/15,29545,60.57406458,37639,97.66216917,46628,93.78871993,17093,46.23103346,10721,22.96553349
15,2010,2010/5/17,9299,19.06509482,37898,98.33419824,48271,97.09349103,21430,57.96121494,13951,29.88454041
16,2010,2010/5/18,9715,19.91799077,37138,96.36222107,47734,96.01335586,24310,65.75068293,14725,31.54253154
17,2010,2010/5/25,14686,30.10968734,37618,97.60768033,43283,87.06050366,22147,59.90046791,16020,34.31656063
18,2010,2010/5/26,19153,39.26806766,37332,96.86559419,45483,91.48563843,13299,35.96949125,15945,34.15590258
19,2010,2010/5/27,26279,53.87801128,37609,97.58432797,44634,89.77793869,20650,55.85156736,25518,54.66229677
20,2010,2010/6/4,30070,61.65043567,37198,96.51790348,46599,93.73038861,33558,90.76353014,13892,29.75815607
21,2010,2010/6/5,40001,82.01127627,37426,97.10949663,45706,91.93418618,26878,72.69629189,27981,59.93830731
22,2010,2010/6/6,27774,56.9431061,38144,98.97249611,44976,90.46584601,12937,34.9903984,16360,35.04487715
23,2010,2010/6/8,23171,47.50589441,37940,98.44317592,43059,86.60994448,15886,42.96648906,15878,34.01238138
24,2010,2010/6/9,16451,33.72834444,37945,98.45614946,44465,89.43800788,13675,36.98644957,11335,24.28078744
25,2010,2010/6/11,28554,58.54228601,37956,98.48469123,44927,90.36728619,19338,52.30303194,13439,28.78778142
26,2010,2010/6/12,42248,86.61814454,37337,96.87856772,46883,94.30163328,29963,81.04021854,13517,28.9548658
27,2010,2010/6/13,24848,50.94413121,37783,98.03580695,46159,92.84536165,25442,68.8123766,30089,64.45386972
28,2010,2010/6/22,14821,30.38646848,37386,97.00570835,46832,94.19905061,14650,39.62350905,37165,79.61142172
29,2010,2010/6/23,13720,28.12916453,38021,98.65334717,47135,94.80851235,15809,42.75822898,33622,72.02193518
30,2010,2010/6/24,15397,31.56740133,37230,96.60093409,47414,95.3696999,21877,59.17020528,18667,39.98671893
31,2010,2010/6/25,43484,89.15222963,37459,97.19512195,47204,94.94730067,18918,51.16706786,20666,44.26879164
32,2010,2010/6/26,28635,58.70835469,37452,97.176959,49220,99.00233325,23945,64.76347605,21431,45.9075038
33,2010,2010/6/27,22951,47.05484367,37544,97.41567203,49073,98.70665379,25442,68.8123766,16830,36.05166763
34,2010,2010/6/29,11987,24.57611481,37454,97.18214842,49240,99.04256175,28528,77.15900792,14079,30.15873016
35,2010,2010/6/30,21392,43.85853409,37430,97.11987545,45780,92.08303162,19902,53.82846942,12392,26.54499497
36,2010,2010/7/1,15712,32.21322399,38013,98.63258952,46309,93.14707539,24356,65.87509804,15072,32.28584281
37,2010,2010/7/16,18120,37.1501794,38055,98.7415672,45591,91.70287231,16892,45.6873935,15601,33.41901763
38,2010,2010/7/17,28518,58.4684777,38067,98.77270368,45792,92.10716872,23116,62.52129933,27567,59.05147484
39,2010,2010/7/18,14032,28.76883649,38106,98.87389725,46364,93.25770376,20091,54.33965326,35037,75.05301716
40,2010,2010/7/19,12792,26.22655049,37742,97.92942398,46810,94.15479926,24687,66.77034593,26062,55.8276032
41,2010,2010/7/20,16623,34.08098411,38062,98.75973015,47524,95.59095663,17009,46.00384064,17422,37.31979521
42,2010,2010/7/21,19287,39.54279856,37669,97.74001038,48957,98.47332851,19843,53.66889352,16862,36.12021507
43,2010,2010/7/22,20108,41.22603793,37744,97.93461339,46969,94.47461582,26716,72.25813431,20228,43.33054859
44,2010,2010/7/24,22299,45.71809329,37431,97.12247016,47521,95.58492236,36973,100,22663,48.54658013
45,2010,2010/7/25,17408,35.69041517,37832,98.16294759,47484,95.51049964,36973,100,21797,46.69151511
46,2010,2010/8/3,16723,34.28600718,37498,97.29631552,46801,94.13669644,36973,100,22520,48.24025877
47,2010,2010/8/4,13467,27.61045618,37479,97.24701609,48138,96.82597152,18261,49.39009548,24168,51.77045177
48,2010,2010/8/5,17362,35.59610456,37931,98.41982356,47890,96.32713814,19172,51.85405566,27690,59.31495405
49,2010,2010/8/6,19687,40.36289083,37714,97.85677218,47034,94.60535844,29210,79.00359722,28308,60.63877643
50,2010,2010/8/7,24929,51.1101999,37902,98.34457706,46480,93.49102904,24277,65.66142861,36271,77.6963777
51,2010,2010/8/8,18283,37.48436699,38102,98.86351842,47659,95.86249899,36189,97.87953371,30567,65.47779706
52,2010,2010/8/9,14135,28.98001025,38304,99.3876492,49555,99.67616059,29654,80.20447353,31449,67.36713579
53,2010,2010/8/16,12375,25.37160431,37779,98.02542813,49716,100,18319,49.54696671,16088,34.46222394
54,2010,2010/8/17,14739,30.21834956,37641,97.66735859,49096,98.75291657,18156,49.10610445,20298,43.48049611
55,2010,2010/8/18,11213,22.98923629,37726,97.88790867,49476,99.51725803,19413,52.50588267,26624,57.03146756
56,2010,2010/8/19,14635,30.00512558,37614,97.5973015,46098,92.72266474,29461,79.68247099,17559,37.61326393
57,2010,2010/8/20,18751,38.44387494,37506,97.31707317,46906,94.34789605,36973,100,10518,22.53068569
58,2010,2010/8/21,23041,47.23936443,37133,96.34924754,46479,93.48901762,23438,63.39220512,10616,22.74061221
59,2010,2010/8/22,14788,30.31881087,37183,96.47898287,48143,96.83602864,11968,32.36956698,14305,30.64284643
60,2010,2010/8/31,18247,37.41055869,37451,97.1743643,46493,93.51717757,12972,35.08506207,17632,37.76963777
61,2010,2010/9/1,16210,33.23423885,37411,97.07057602,48158,96.86620002,14859,40.18878641,14658,31.39901035
62,2010,2010/9/2,26954,55.26191697,37858,98.23040996,46778,94.09043366,26907,72.7747275,12158,26.04374183
63,2010,2010/9/3,13507,27.6924654,37570,97.48313441,46356,93.24161236,28713,77.65937306,12302,26.3522053
64,2010,2010/9/4,18943,38.83751922,37546,97.42086144,44575,89.65926462,29733,80.41814297,12590,26.96913223
65,2010,2010/9/5,28268,57.95592004,37290,96.7566165,45222,90.96065653,23215,62.78906229,13412,28.72994452
66,2010,2010/9/13,9882,20.26037929,37757,97.96834458,44644,89.79805294,31896,86.26835799,21504,46.06387764
67,2010,2010/9/14,16589,34.01127627,37679,97.76595745,44739,89.98913831,25794,69.76442269,16004,34.28228691
68,2010,2010/9/17,32874,67.39928242,37863,98.2433835,47478,95.49843109,17840,48.25142672,18193,38.97136002
69,2010,2010/9/18,48775,100,37234,96.61131292,47737,96.01939014,26427,71.47648284,33143,70.99586573
70,2010,2010/9/19,39537,81.05996925,37560,97.45718734,46103,92.73272186,22301,60.31698807,19528,41.83107341
71,2010,2010/10/1,20870,42.78831369,37464,97.20809549,46432,93.39448065,12446,33.66240229,25250,54.08821198
72,2010,2010/10/1,36713,75.27011789,37729,97.89569279,44163,88.83055757,17891,48.38936521,23192,49.67975494
73,2010,2010/10/2,35332,72.43874936,37467,97.21587961,47437,95.41596267,36973,100,14456,30.96630465
74,2011,2011/4/7,11648,23.88108662,37589,97.53243383,46609,93.75050286,10042,27.16036026,19711,42.22307907
75,2011,2011/4/9,20719,42.47872886,37453,97.17955371,46986,94.50881004,15342,41.49514511,23453,50.23884498
76,2011,2011/4/9,36243,74.30650948,37178,96.46600934,47646,95.83635047,16428,44.43242366,17392,37.25553199
77,2011,2011/4/10,21452,43.98154792,37488,97.27036845,49457,99.47904095,22426,60.65507262,11785,25.24473577
78,2011,2011/4/18,13138,26.93593029,37861,98.23819408,49558,99.68219487,12016,32.49939145,17820,38.17235396
79,2011,2011/4/19,12045,24.69502819,37568,97.47794499,49199,98.96009333,13731,37.13791145,19163,41.04920421
80,2011,2011/4/20,13825,28.34443875,37015,96.04307213,41512,83.49827017,13214,35.73959376,14415,30.87847825
81,2011,2011/4/21,16769,34.38031779,37467,97.21587961,42171,84.82379918,16751,45.30603413,12590,26.96913223
82,2011,2011/4/23,39054,80.06970784,37310,96.80851064,40517,81.49690241,21791,58.93760312,15478,33.15553842
83,2011,2011/4/24,25051,51.36032804,37802,98.08510638,40814,82.0942956,10248,27.7175236,21494,46.04245657
84,2011,2011/4/26,18938,38.82726807,37916,98.38090296,40811,82.08826132,10099,27.31452682,19487,41.74324701
85,2011,2011/4/27,15514,31.80727832,37845,98.19667878,40506,81.47477673,12682,34.30070592,14353,30.74566759
86,2011,2011/4/28,21209,43.48334188,37901,98.34198236,40785,82.03596428,20476,55.38095367,16668,35.70464623
87,2011,2011/5/6,20694,42.42747309,37017,96.04826155,40586,81.63569072,28451,76.95074784,22659,48.5380117
88,2011,2011/5/7,18961,38.87442337,37043,96.11572392,40081,80.61992115,21505,58.16406567,18325,39.2541182
89,2011,2011/5/8,16359,33.53972322,37037,96.10015568,40830,82.1264784,25024,67.68182187,12902,27.63746974
90,2011,2011/5/10,11485,23.54689903,37013,96.03788272,42460,85.40510097,27123,73.3589376,14556,31.18051539
91,2011,2011/5/11,11561,23.70271656,37798,98.07472756,43363,87.22141765,16800,45.43856328,15397,32.98202772
92,2011,2011/5/12,19082,39.12250128,37234,96.61131292,41275,83.02156247,24717,66.85148622,28588,61.2385665
93,2011,2011/5/18,20589,42.21219887,37526,97.36896731,41790,84.05744629,23898,64.63635626,39437,84.47828974
94,2011,2011/5/19,24939,51.1307022,37276,96.72029061,48254,97.05929681,14203,38.4145187,30364,65.04294925
95,2011,2011/5/20,24442,50.11173757,37138,96.36222107,48790,98.13742055,12783,34.57387824,15592,33.39973866
96,2011,2011/5/21,33107,67.87698616,37311,96.81110535,46945,94.42634162,13725,37.12168339,14541,31.14838378
97,2011,2011/5/22,33626,68.94105587,37660,97.71665802,47874,96.29495535,20972,56.72247316,17085,36.59790502
98,2011,2011/5/24,14077,28.86109687,37140,96.36741048,48286,97.1236624,19388,52.43826576,15632,33.48542296
99,2011,2011/5/25,15740,32.27063045,37688,97.78930981,48293,97.13774238,23495,63.54637168,14939,32.00094253
100,2011,2011/5/26,22720,46.58124039,37463,97.20550078,41519,83.51235015,15708,42.48505666,45512,97.49159223
101,2011,2011/6/3,18587,38.10763711,37269,96.70212766,43201,86.89556682,20495,55.43234252,44078,94.41981021
102,2011,2011/6/4,20086,41.18093285,37321,96.83705241,48450,97.45353608,26761,72.37984475,26204,56.13178245
103,2011,2011/6/5,25431,52.13941568,37808,98.10067462,47863,96.27282967,19891,53.79871798,37342,79.99057473
104,2011,2011/6/6,10556,21.64223475,37485,97.26258433,48845,98.24804892,20894,56.5115084,33525,71.81415076
105,2011,2011/6/8,11760,24.11071246,37796,98.06953814,45679,91.87987771,25968,70.23503638,45606,97.69295032
106,2011,2011/6/10,17900,36.69912865,37833,98.16554229,47048,94.63351838,19934,53.91501907,36586,78.37114153
107,2011,2011/6/11,25541,52.36494106,38175,99.05293202,46791,94.11658219,23897,64.63365158,15957,34.18160787
108,2011,2011/6/12,22032,45.1706817,37903,98.34717177,43551,87.59956553,26819,72.53671598,18093,38.75714928
109,2011,2011/6/24,45382,93.0435674,38422,99.6938246,43457,87.41049159,25729,69.58861872,23146,49.581218
110,2011,2011/6/25,38976,79.90978985,37419,97.09133368,45969,92.46319092,32487,87.86682173,17477,37.43761112
111,2011,2011/6/26,27809,57.01486417,38072,98.78567722,46028,92.58186499,21504,58.16136099,16861,36.11807296
112,2011,2011/6/28,20556,42.14454126,37745,97.9372081,46900,94.3358275,22471,60.77678306,16152,34.59931881
113,2011,2011/6/29,17405,35.68426448,37404,97.05241308,47894,96.33518384,22780,61.61252806,19287,41.31482553
114,2011,2011/6/30,28340,58.10353665,37981,98.5495589,45575,91.67068952,21505,58.16406567,45629,97.74221879
115,2011,2011/7/14,22780,46.70425423,37729,97.89569279,46450,93.4306863,29279,79.19021989,20521,43.95818606
116,2011,2011/7/15,27372,56.11891338,38048,98.72340426,46903,94.34186177,13333,36.06145025,27918,59.80335454
117,2011,2011/7/16,24835,50.91747822,38115,98.89724961,47787,96.11996138,11803,31.92329538,24731,52.97645824
118,2011,2011/7/17,17754,36.39979498,37650,97.69071095,48103,96.75557165,28491,77.0589349,27185,58.23318981
119,2011,2011/7/18,27924,57.2506407,37727,97.89050337,47350,95.2409687,15168,41.02453141,23355,50.02891845
120,2011,2011/7/19,32314,66.25115325,37460,97.19771666,46921,94.37806742,24939,67.45192438,20009,42.86142707
121,2011,2011/7/20,35174,72.11481292,38329,99.45251687,46188,92.90369298,21425,57.94769156,18292,39.18342866
122,2011,2011/7/22,24823,50.89287545,37822,98.13700052,45586,91.69281519,10742,29.05363373,17355,37.17627402
123,2011,2011/7/23,20311,41.64223475,37943,98.45096004,44365,89.2368654,10124,27.38214373,20491,43.89392284
124,2011,2011/7/24,15676,32.13941568,38101,98.86092372,46132,92.79105318,11706,31.66094177,24052,51.52196731
125,2011,2011/8/6,19396,39.76627371,38172,99.0451479,47090,94.71799823,13942,37.70859817,21618,46.30807789
126,2011,2011/8/7,13824,28.34238852,38477,99.83653347,46499,93.52924612,14884,40.25640332,19725,42.25306857
127,2011,2011/8/8,17498,35.87493593,38006,98.61442657,43190,86.87344115,20148,54.49381981,27573,59.06432749
128,2011,2011/8/9,14177,29.06611994,37416,97.08354956,46469,93.46890337,17226,46.59075542,17565,37.62611657
129,2011,2011/8/10,18747,38.43567401,38189,99.08925791,46913,94.36197602,13048,35.29061748,16154,34.60360302
130,2011,2011/8/11,21040,43.1368529,38278,99.32018682,46466,93.4628691,11475,31.03616152,17189,36.82068419
131,2011,2011/8/12,21465,44.00820092,38525,99.9610794,47431,95.40389412,13910,37.62204852,13918,29.81385087
132,2011,2011/8/13,24114,49.43926192,37747,97.94239751,47894,96.33518384,14069,38.05209207,29323,62.81301544
133,2011,2011/8/14,18348,37.61763198,38239,99.21899325,47804,96.1541556,11955,32.33440619,39288,84.15911574
134,2011,2011/8/26,32762,67.16965659,37039,96.1053451,47343,95.22688873,14223,38.46861223,34657,74.23901634
135,2011,2011/8/28,28751,58.94618145,37314,96.81888947,47271,95.08206614,15790,42.70684013,11178,23.94447658
136,2011,2011/8/28,37528,76.94105587,37773,98.00985989,46369,93.26776088,13130,35.51240094,13514,28.94843947
137,2011,2011/8/29,18223,37.36135315,38021,98.65334717,47240,95.01971196,11611,31.40399751,14784,31.66891588
138,2011,2011/8/30,10756,22.05228088,38074,98.79086663,47744,96.03347011,11190,30.26532875,22769,48.77364351
139,2011,2011/8/31,14211,29.13582778,38083,98.81421899,47464,95.47027114,18482,49.98782896,25285,54.16318574
140,2011,2011/9/1,11617,23.81752947,37806,98.09548521,45069,90.65290852,24566,66.44308009,21988,47.10065763
141,2011,2011/9/8,33841,69.38185546,37744,97.93461339,44573,89.65524177,25220,68.21193844,28355,60.73945548
142,2011,2011/9/12,11924,24.44695028,38020,98.65075246,40104,80.66618392,18093,48.93570984,20252,43.38195917
143,2011,2011/9/13,13262,27.19015889,37087,96.22989102,40045,80.54750986,27773,75.11697725,15331,32.84064863
144,2011,2011/9/14,14669,30.07483342,38071,98.78308251,46944,94.4243302,21008,56.81984151,15828,33.90527601
145,2011,2011/9/16,24022,49.2506407,38019,98.64815776,45586,91.69281519,18772,50.77218511,18976,40.64863012
146,2011,2011/9/17,31099,63.76012301,37682,97.77374157,49556,99.67817202,22820,61.72071512,24303,52.05963627
147,2011,2011/9/18,27471,56.32188621,37613,97.5947068,49072,98.70464237,18763,50.74784302,30765,65.90193432
148,2011,2011/9/26,21786,44.66632496,37261,96.68137001,49541,99.64800064,31774,85.93838747,22320,47.81183729
149,2011,2011/9/27,22123,45.35725269,37885,98.30046705,49386,99.33622979,26507,71.69285695,21945,47.00854701
150,2011,2011/9/28,29749,60.99231164,37414,97.07836015,46829,94.19301633,14933,40.38893246,18774,40.21592443
151,2012,2012/4/11,22919,46.98923629,38004,98.60923716,40218,80.89548636,14638,39.59105293,25123,53.81616434
152,2012,2012/4/24,11058,22.67145054,37032,96.08718215,40194,80.84721217,15417,41.69799583,15289,32.75068012
153,2012,2012/4/25,10415,21.35315223,38024,98.66113129,40327,81.11473168,9458,25.58082925,15612,33.44258081
154,2012,2012/4/26,13725,28.13941568,38024,98.66113129,41200,82.87070561,9972,26.97103292,28915,61.93903562
155,2012,2012/4/27,18297,37.51307022,38108,98.87908666,44686,89.88253279,9837,26.6059016,31266,66.97513013
156,2012,2012/4/28,26926,55.20451051,38229,99.19304619,43084,86.66023011,11575,31.30662916,26712,57.21997301
157,2012,2012/4/29,31793,65.18298309,37967,98.513233,36890,74.20146432,18799,50.84521137,34962,74.8923591
158,2012,2012/5/7,11938,24.47565351,36770,95.40736897,37790,76.01174672,23890,64.61471885,41867,89.68361074
159,2012,2012/5/8,11263,23.09174782,37839,98.18111053,39360,79.1696838,23873,64.56873935,16575,35.50543024
160,2012,2012/5/10,0,0,37359,96.93565127,37086,74.5957036,20843,56.3735699,17352,37.1698477
161,2012,2012/5/10,19250,39.46694003,37225,96.58796056,38024,76.48242015,19842,53.66618884,17754,38.03097487
162,2012,2012/5/12,32862,67.37467965,37434,97.13025428,37720,75.87094698,19693,53.26319206,29678,63.57346357
163,2012,2012/5/13,29552,60.5884162,37223,96.58277115,37226,74.87730308,24759,66.96508263,43390,92.94604031
164,2012,2012/5/14,16492,33.8124039,37394,97.02646601,43954,88.41016976,10844,29.32951072,41925,89.80785297
165,2012,2012/5/15,24055,49.31829831,37348,96.9071095,42015,84.5100169,12307,33.28645228,18513,39.65683439
166,2012,2012/5/21,16392,33.60738083,37438,97.14063311,45302,91.12157052,11471,31.02534282,22538,48.2788167
167,2012,2012/5/22,25171,51.60635572,38048,98.72340426,45622,91.76522649,22227,60.11684202,41677,89.27661033
168,2012,2012/5/23,27806,57.00871348,37611,97.58951738,39229,78.90618714,13735,37.14873015,28266,60.54880792
169,2012,2012/5/25,28954,59.36237827,37334,96.8707836,37674,75.77842143,13369,36.1588186,42070,90.11845854
170,2012,2012/5/26,26714,54.76986161,37292,96.76180592,40537,81.5371309,17224,46.58534606,24668,52.84150547
171,2012,2012/5/27,33919,69.54177345,37594,97.54540737,38370,77.17837316,21693,58.67254483,29287,62.73589958
172,2012,2012/6/8,40459,82.95028191,38099,98.8557343,39891,80.23775042,21693,58.67254483,34853,74.6588694
173,2012,2012/6/9,46611,95.56330087,37844,98.19408407,48566,97.68686137,17334,46.88286047,17127,36.68787353
174,2012,2012/6/10,45267,92.80779088,37921,98.39387649,48575,97.7049642,18496,50.02569443,15516,33.2369385
175,2012,2012/6/12,15618,32.02050231,37216,96.5646082,49010,98.57993403,21947,59.35953263,17831,38.19591714
176,2012,2012/6/13,23238,47.64325987,37195,96.51011936,42709,85.90594577,18369,49.68220052,20598,44.12312833
177,2012,2012/6/14,29995,61.49666838,37629,97.63622211,41219,82.90892268,22332,60.40083304,32308,69.20720605
178,2012,2012/6/22,45891,94.0871348,37181,96.47379346,45094,90.70319414,33810,91.44510859,32517,69.6549065
179,2012,2012/6/23,46298,94.92157868,37243,96.63466528,42290,85.06315874,20532,55.53241555,26407,56.56663025
180,2012,2012/6/24,41794,85.68733983,37307,96.80072652,43006,86.50333897,19557,52.89535607,25686,55.02217081
181,2012,2012/6/26,24296,49.8124039,37309,96.80591593,45099,90.71325127,29443,79.63378682,23948,51.29918814
182,2012,2012/6/27,18055,37.0169144,37467,97.21587961,44041,88.58516373,21874,59.16209126,39003,83.54861513
183,2012,2012/6/28,17676,36.23987699,37701,97.823041,46895,94.32577038,21742,58.80507397,33962,72.7502517
184,2012,2012/6/29,24779,50.8026653,37362,96.94343539,48324,97.20009655,26453,71.54680442,41832,89.60863698
185,2012,2012/6/30,35335,72.44490005,37261,96.68137001,47873,96.29294392,28033,75.82019311,35975,77.0623139
186,2012,2012/7/1,16689,34.21629933,37281,96.73326414,47789,96.12398423,29089,78.67633138,41610,89.13308913
187,2012,2012/7/13,35566,72.91850333,37782,98.03321225,46679,93.8913026,27311,73.86741676,45582,97.64153975
188,2012,2012/7/14,43215,88.60071758,37565,97.47016087,42819,86.12720251,26131,70.67589863,43924,94.08992567
189,2012,2012/7/15,30439,62.40697078,37208,96.54385054,44975,90.46383458,14337,38.77694534,16828,36.04738342
190,2012,2012/7/24,17592,36.06765761,37744,97.93461339,45986,92.49738515,15712,42.49587537,18919,40.52653
191,2012,2012/7/25,19582,40.14761661,38066,98.77010898,49571,99.70834339,15143,40.95691451,20119,43.09705889
192,2012,2012/7/26,21301,43.6719631,37791,98.05656461,49573,99.71236624,27856,75.34146539,19855,42.53154253
193,2012,2012/7/27,29278,60.026653,38170,99.03995848,48526,97.60640438,14143,38.25223812,26816,57.44275218
194,2012,2012/7/28,21143,43.34802665,38270,99.29942916,43052,86.59586451,18800,50.84791605,30033,64.3339117
195,2012,2012/7/29,19698,40.38544336,38334,99.4654904,42821,86.13122536,20908,56.54937387,35701,76.47537648
196,2012,2012/8/6,21184,43.43208611,37771,98.00467047,44593,89.69547027,18410,49.79309226,22711,48.64940128
197,2012,2012/8/7,15433,31.64120964,38413,99.67047224,45872,92.26808271,20612,55.74878966,20158,43.18060108
198,2012,2012/8/9,21226,43.5181958,38093,98.84016606,47067,94.67173546,29530,79.86909366,20478,43.86607545
199,2012,2012/8/10,17277,35.42183496,38170,99.03995848,45878,92.28015126,13823,37.38674168,18568,39.7746503
200,2012,2012/8/11,40456,82.94413121,37737,97.91645044,45676,91.87384343,13441,36.3535553,17220,36.88708952
201,2012,2012/8/12,20935,42.92157868,37784,98.03840166,44533,89.57478478,23462,63.45711736,13556,29.03840799
202,2012,2012/8/14,26204,53.72424398,37275,96.7176959,45921,92.36664253,9913,26.81145701,14458,30.97058887
203,2012,2012/8/15,22269,45.65658637,37213,96.55682408,47645,95.83433905,10877,29.41876504,12935,27.70815929
204,2012,2012/8/16,25483,52.24602768,37191,96.49974053,49422,99.40864108,11892,32.16401158,13519,28.95915001
205,2012,2012/8/24,25754,52.80164018,37285,96.74364297,49466,99.49714378,11613,31.40940686,13756,29.46682947
206,2012,2012/8/25,25082,51.42388519,37914,98.37571354,48620,97.79547832,18913,51.15354448,21888,46.88644689
207,2012,2012/8/27,10955,22.46027678,37019,96.05345096,42962,86.41483627,18187,49.18994942,27325,58.53308485
208,2012,2012/8/28,12841,26.32701179,37316,96.82407888,42472,85.42923807,28585,77.31317448,21698,46.47944648
209,2012,2012/8/29,13098,26.85392107,38416,99.67825636,46010,92.54565935,17652,47.74294756,23060,49.39699677
210,2012,2012/8/30,10141,20.79138903,37716,97.8619616,43352,87.19929198,16711,45.19784708,25785,55.23423944
211,2012,2012/9/6,46298,94.92157868,37794,98.06434873,46122,92.77093893,19545,52.86289995,36139,77.41361952
212,2012,2012/9/7,40861,83.77447463,37373,96.97197717,46501,93.53326897,18702,50.58285776,31418,67.30073046
213,2012,2012/9/8,46067,94.4479754,37829,98.15516347,45200,90.91640518,20522,55.50536878,12359,26.47430542
214,2012,2012/9/9,40346,82.71860584,37228,96.59574468,46856,94.2473248,11722,31.70421659,13930,29.83955616
215,2012,2012/9/11,23828,48.85289595,37103,96.27140633,43489,87.47485719,11502,31.10918779,19769,42.34732129
216,2012,2012/9/12,26076,53.46181445,37188,96.49195641,39859,80.17338483,12708,34.37102751,41168,88.18627766
217,2012,2012/9/13,25130,51.52229626,37506,97.31707317,39997,80.45096146,12963,35.06071998,15755,33.74890217
218,2012,2012/9/24,22277,45.67298821,37156,96.40892579,40511,81.48483386,14187,38.37124388,16131,34.55433455
219,2012,2012/9/24,31015,63.58790364,37107,96.28178516,40759,81.98366723,15699,42.46071458,15684,33.59681254
220,2012,2012/9/25,30205,61.92721681,37226,96.59055527,44026,88.55499236,13666,36.96210748,18015,38.59006491
221,2012,2012/9/26,26513,54.35776525,37437,97.1380384,43867,88.2351758,13460,36.40494415,40028,85.74427522
222,2012,2012/9/28,33518,68.71963096,37230,96.60093409,45478,91.4755813,17909,48.43804939,46095,98.74044085
223,2012,2012/9/29,46311,94.94823168,38134,98.94654904,41564,83.60286427,21629,58.49944554,45575,97.62654499
224,2012,2012/9/30,41257,84.58636597,37731,97.9008822,47393,95.32745997,15115,40.88118357,22915,49.08639119
225,2013,2013/4/16,14670,30.07688365,37570,97.48313441,35033,70.46624829,25611,69.26946691,21094,45.18561361
226,2013,2013/4/17,13591,27.86468478,37310,96.80851064,41851,84.18014321,25954,70.19717091,25851,55.37561853
227,2013,2013/4/18,13986,28.67452588,37045,96.12091334,34154,68.69820581,15331,41.46539367,35754,76.58890817
228,2013,2013/4/20,26811,54.96873398,37247,96.64504411,34107,68.60366884,17644,47.72131015,22937,49.13351755
229,2013,2013/4/20,45248,92.76883649,37008,96.02490919,34369,69.13066216,19177,51.86757904,31753,68.01833644
230,2013,2013/4/22,11168,22.89697591,30862,80.0778412,36033,72.47767318,9952,26.91693939,32863,70.39607566
231,2013,2013/4/23,13272,27.2106612,33039,85.7265179,31445,63.24925577,10273,27.78514051,15802,33.84958122
232,2013,2013/5/7,12921,26.49103024,35198,91.32848988,36151,72.71502132,11075,29.95429097,18771,40.2094981
233,2013,2013/5/8,12344,25.30804716,37449,97.16917488,40258,80.97594336,11979,32.39931842,35915,76.93378746
234,2013,2013/5/9,23282,47.73347002,35152,91.20913337,36872,74.16525867,12424,33.60289941,28502,61.05434526
235,2013,2013/5/14,19096,39.15120451,31483,81.68915413,34262,68.9154397,17396,47.0505504,22808,48.8571857
236,2013,2013/5/15,32418,66.46437724,28926,75.05448884,34301,68.99388527,15227,41.18410732,45224,96.8746653
237,2013,2013/5/17,38061,78.03382881,29006,75.26206539,38090,76.61517419,15767,42.64463257,36010,77.13728766
238,2013,2013/5/19,37704,77.30189646,29274,75.95744681,41349,83.17040792,16055,43.42357937,44079,94.42195232
239,2013,2013/5/20,24133,49.4782163,30093,78.08251168,38134,76.70367688,17825,48.21085657,42722,91.51511257
240,2013,2013/5/21,29040,59.5386981,29312,76.05604567,41267,83.00547108,25874,69.9807968,20496,43.90463338
241,2013,2013/5/22,26725,54.79241415,34726,90.10378827,34081,68.55137179,24159,65.3422768,22852,48.95143843
242,2013,2013/5/29,39129,80.22347514,36527,94.77685522,40008,80.47308713,13025,35.22840992,27235,58.34029518
243,2013,2013/5/30,30665,62.87032291,31088,80.66424494,45577,91.67471237,13876,37.53008952,35472,75.98483388
244,2013,2013/5/31,46249,94.82111738,30549,79.26569798,43681,87.86105077,13256,35.85319017,43261,92.66970846
245,2013,2013/6/1,38945,79.8462327,29969,77.76076803,44207,88.91906026,21834,59.0539042,45214,96.85324422
246,2013,2013/6/2,39182,80.33213737,31571,81.91748832,45141,90.79773111,19921,53.87985827,45766,98.03568751
247,2013,2013/6/10,15514,31.80727832,36543,94.81837052,48784,98.125352,15477,41.86027642,27189,58.24175824
248,2013,2013/6/11,22834,46.81496668,35254,91.47379346,43613,87.72427388,16870,45.62789062,28958,62.03114624
249,2013,2013/6/12,25964,53.23218862,34074,88.41203944,40007,80.47107571,15091,40.81627133,35978,77.06874023
250,2013,2013/6/13,20098,41.20553562,36504,94.71717696,36208,72.82967254,11398,30.82790144,25672,54.99218131
251,2013,2013/6/14,39158,80.28293183,37046,96.12350804,42477,85.4392952,13407,36.2615963,37034,79.33080565
252,2013,2013/6/15,42422,86.97488467,33627,87.2522055,40604,81.67189637,18593,50.28804804,33266,71.25934494
253,2013,2013/6/16,41311,84.69707842,33463,86.82667359,41320,83.1120766,27442,74.22172937,42639,91.33731765
254,2013,2013/6/24,18544,38.01947719,32035,83.12143228,37649,75.72813581,11407,30.85224353,41247,88.35550414
255,2013,2013/6/25,20924,42.89902614,33296,86.39335755,41123,82.71582589,12041,32.56700836,34515,73.93483709
256,2013,2013/6/26,18082,37.07227063,35352,91.72807473,46013,92.55169362,21502,58.15595164,32158,68.88588994
257,2013,2013/6/27,33036,67.73141978,34499,89.51478983,46054,92.63416204,17645,47.72401482,35368,75.76205471
258,2013,2013/6/29,46607,95.55509995,36518,94.75350285,41674,83.82412101,23809,64.39564006,24188,51.81329392
259,2013,2013/6/30,40878,83.80932855,37054,96.1442657,38264,76.96516212,23427,63.36245368,24088,51.59908318
260,2013,2013/7/8,24619,50.4746284,32156,83.4353918,42138,84.75742216,15825,42.8015038,34317,73.51069983
261,2013,2013/7/9,29160,59.78472578,33430,86.74104826,43396,87.28779467,21047,56.92532388,31634,67.76342566
262,2013,2013/7/10,19344,39.65966171,35710,92.65697976,42678,85.8435916,16832,45.52511292,31862,68.25182615
263,2013,2013/7/11,21857,44.81189134,36286,94.15153088,40218,80.89548636,11516,31.14705326,45312,97.06317075
264,2013,2013/7/12,42660,87.46283957,34632,89.85988583,35057,70.51452249,12777,34.55765018,36111,77.35364051
265,2013,2013/7/13,46150,94.61814454,34750,90.16606124,35797,72.00297691,12757,34.50355665,32816,70.29539661
266,2013,2013/7/14,34748,71.24141466,36383,94.40321744,35781,71.97079411,24751,66.94344522,31695,67.89409421
267,2013,2013/7/26,39063,80.08815992,37437,97.1380384,40381,81.22334862,20409,55.19974035,40477,86.70608144
268,2013,2013/7/27,44765,91.77857509,37425,97.10690192,40247,80.95381768,21180,57.28504584,35241,75.49000707
269,2013,2013/7/28,32891,67.43413634,36498,94.70160872,40301,81.06243463,17402,47.06677846,34047,72.93233083
270,2013,2013/7/30,24904,51.05894413,36911,95.77322263,43131,86.75476708,25095,67.87385389,36565,78.32615727
271,2013,2013/8/1,17909,36.71758073,37607,97.57913856,44486,89.48024781,20144,54.48300111,21031,45.05066084
272,2013,2013/8/2,25947,53.1973347,38130,98.93617021,43424,87.34411457,31969,86.46579937,34315,73.50641561
273,2013,2013/8/3,35231,72.23167606,37601,97.56357032,47714,95.97312736,13294,35.95596787,22961,49.18492813
274,2013,2013/8/4,30759,63.06304459,38138,98.95692787,46545,93.62177166,14910,40.32672491,19079,40.86926719
275,2013,2013/8/16,31438,64.4551512,35016,90.85625324,45728,91.97843753,13299,35.96949125,17994,38.54508065
276,2013,2013/8/17,31089,63.73962071,34609,89.80020758,42439,85.36286105,15433,41.74127066,20767,44.48514449
277,2013,2013/8/18,22238,45.59302922,36514,94.74312403,37146,74.71638909,25036,67.71427799,20024,42.89355868
278,2013,2013/8/19,25044,51.34597642,37242,96.63207058,35013,70.42601979,23373,63.21640116,29942,64.13897993
279,2013,2013/8/20,26158,53.62993337,34578,89.71977167,38379,77.19647598,24239,65.55865091,22331,47.83540047
280,2013,2013/8/21,28323,58.06868273,35059,90.96782564,44682,89.87448709,32862,88.88107538,24894,53.32562175
281,2013,2013/8/23,36761,75.36852896,35886,93.11364816,37190,74.80489179,34078,92.16996186,24247,51.93967826
282,2013,2013/8/24,33834,69.36750384,37652,97.69590036,40248,80.95582911,12939,34.99580775,32003,68.55386329
283,2013,2013/8/25,33820,69.33880062,37941,98.44577063,40116,80.69032102,13535,36.60779488,27288,58.45382687
284,2013,2013/9/5,17383,35.63915941,37611,97.58951738,45169,90.85405101,15741,42.57431098,33232,71.18651329
285,2013,2013/9/6,26253,53.82470528,38143,98.9699014,42836,86.16139673,18605,50.32050415,44551,95.43302701
286,2013,2013/9/7,23653,48.49410559,37517,97.34561495,40361,81.18312012,19215,51.97035675,34067,72.97517298
287,2013,2013/9/8,32042,65.69349052,37917,98.38349766,40125,80.70842385,20360,55.06721121,13123,28.11087548
288,2013,2013/9/9,17456,35.78882624,36226,93.99584847,33215,66.80947783,10724,29.00494956,13569,29.06625538
289,2013,2013/9/10,25697,52.68477704,31962,82.93201868,40481,81.42449111,10786,29.17263949,15778,33.79817064
290,2013,2013/9/11,20141,41.29369554,33300,86.40373638,44117,88.73803202,14827,40.10223677,14866,31.84456869
291,2013,2013/9/12,24659,50.55663762,36063,93.57291126,43078,86.64816156,13550,36.64836502,15202,32.56431677
292,2013,2013/9/24,16772,34.38646848,37363,96.9460301,41734,83.9448065,21247,57.46625916,16283,34.87993488
293,2013,2013/9/25,23698,48.58636597,37053,96.14167099,42420,85.32464398,23835,64.46596165,29411,63.0015209
294,2013,2013/9/26,27498,56.37724244,36188,93.89724961,49197,98.95607048,17830,48.22437995,40322,86.3740548
295,2013,2013/9/27,30774,63.09379805,32071,83.21484172,43407,87.30992035,28085,75.96083629,45260,96.95178116
296,2013,2013/9/28,36556,74.94823168,33720,87.49351323,37260,74.94569153,30159,81.57033511,16446,35.22909839
297,2013,2013/9/29,44230,90.68170169,37542,97.41048262,48675,97.90610669,11785,31.8746112,18158,38.89638626
298,2014,2014/4/11,22327,45.77549974,37510,97.327452,48142,96.83401722,11993,32.43718389,21383,45.80468265
299,2014,2014/4/12,30446,62.4213224,37137,96.35962636,35864,72.13774238,13177,35.63952073,31412,67.28787781
300,2014,2014/4/13,39281,80.5351102,35030,90.89257914,39412,79.2742779,11855,32.06393855,20871,44.70792366
301,2014,2014/4/14,15799,32.39159405,38540,100,42821,86.13122536,11282,30.51415898,13603,29.13908703
302,2014,2014/4/16,22611,46.35776525,36436,94.5407369,44121,88.74607772,11076,29.95699565,13673,29.28903455
303,2014,2014/4/25,22478,46.08508457,37215,96.56201349,48572,97.69892992,17541,47.44272848,14068,30.13516698
304,2014,2014/4/26,34941,71.63710917,37569,97.4805397,46081,92.68847051,29212,79.00900657,17364,37.19555299
305,2014,2014/4/27,38368,78.66324962,37020,96.05604567,36569,73.55579693,23679,64.04403213,29372,62.91797871
306,2014,2014/5/1,17836,36.56791389,35958,93.30046705,40073,80.60382975,11369,30.74946583,45277,96.98819699
307,2014,2014/5/1,28290,58.00102512,35842,92.99948106,38358,77.15423606,10555,28.54785925,15616,33.45114924
308,2014,2014/5/9,28875,59.20041005,34142,88.5884795,40908,82.28336954,11257,30.44654207,15993,34.25872373
309,2014,2014/5/10,26264,53.84725782,33585,87.14322782,40028,80.51331563,20898,56.5223271,17309,37.07773708
310,2014,2014/5/11,45944,94.19579703,36408,94.46808511,37484,75.3962507,23569,63.74651773,17978,38.51080693
311,2014,2014/5/12,24517,50.26550487,37689,97.79190451,43121,86.73465283,10897,29.47285857,21543,46.14741983
312,2014,2014/5/13,29950,61.404408,33947,88.08251168,33580,67.54364792,10442,28.24223082,38008,81.41721826
313,2014,2014/5/22,18894,38.73705792,37513,97.33523612,43325,87.14498351,14577,39.42606767,33528,71.82057708
314,2014,2014/5/24,36873,75.59815479,37041,96.11053451,41122,82.71381447,23996,64.90141455,42981,92.06991839
315,2014,2014/5/25,37649,77.18913378,37015,96.04307213,46517,93.56545177,18158,49.11151381,45726,97.95000321
316,2014,2014/6/6,28076,57.56227576,37356,96.92786715,45958,92.44106525,10400,28.12863441,19428,41.61686267
317,2014,2014/6/7,44202,90.62429523,34794,90.28022833,47353,95.24700298,17226,46.59075542,20681,44.30092325
318,2014,2014/6/8,38244,78.40902101,33465,86.831863,35406,71.21650978,15930,43.08549482,45080,96.56620183
319,2014,2014/6/9,19729,40.44900051,35621,92.42605086,46858,94.25134765,10576,28.60465745,31554,67.59205707
320,2014,2014/6/10,24184,49.58277806,34850,90.42553191,42245,84.97264462,10803,29.21861899,34206,73.2729259
321,2014,2014/6/11,25886,53.07227063,37042,96.11312922,44346,89.19864832,12448,33.66781165,34710,74.35254804
322,2014,2014/6/12,17403,35.68016402,35649,92.49870265,42449,85.3829753,10880,29.42687907,23248,49.79971296
323,2014,2014/6/13,44031,90.27370579,36004,93.41982356,41539,83.55257865,13961,37.75998702,24173,51.78116231
324,2014,2014/6/14,33901,69.5048693,37072,96.19097042,41677,83.83015528,13841,37.43542585,39623,84.87672172
325,2014,2014/6/15,46469,95.27216812,37225,96.58796056,37734,75.89910693,13175,35.63411138,33177,71.06869738
326,2014,2014/6/23,17931,36.7626858,37608,97.58173326,44346,89.19864832,14684,39.71546804,45088,96.58333869
327,2014,2014/6/24,20596,42.22655049,35006,90.83030618,41834,84.14594899,23761,64.2658156,24286,52.02322044
328,2014,2014/6/25,22020,45.14607893,37904,98.34976648,41342,83.15632794,13406,36.25889162,38012,81.42578669
329,2014,2014/6/27,34895,71.54279856,36116,93.71043072,40169,80.79692654,12150,32.86181808,45802,98.11280338
330,2014,2014/6/28,36387,74.6017427,36018,93.45614946,46197,92.9217958,17533,47.42109107,36011,77.13942977
331,2014,2014/6/29,32665,66.97078421,36189,93.89984432,47165,94.8688551,22693,61.37722122,27905,59.77550714
332,2014,2014/6/30,15252,31.27011789,36292,94.16709912,47493,95.52860246,17187,46.48527304,29269,62.69734164
333,2014,2014/7/3,24535,50.30240902,35820,92.94239751,48522,97.59835868,23136,62.57539285,35696,76.46466594
334,2014,2014/7/9,35575,72.93695541,37688,97.78930981,48433,97.41934186,26659,72.10396776,46683,100
335,2014,2014/7/10,30417,62.36186571,37750,97.95018163,48124,96.79781157,12660,34.24120304,36183,77.50787224
336,2014,2014/7/11,45389,93.05791902,35772,92.81785158,36052,72.51589026,16249,43.94828659,33054,70.80521817
337,2014,2014/7/12,46667,95.67811379,37181,96.47379346,35866,72.14176523,24809,67.10031645,34676,74.27971638
338,2014,2014/7/13,34483,70.69810354,37356,96.92786715,42343,85.16976426,20969,56.71435913,36237,77.62354604
339,2014,2014/7/29,36882,75.61660687,35693,92.61286975,47372,95.28522005,23656,63.98182457,45927,98.3805668
340,2014,2014/7/30,27195,55.75602255,36835,95.57602491,47606,95.75589347,25877,69.98891083,46126,98.80684618
341,2014,2014/7/31,24974,51.20246028,36489,94.67825636,43115,86.72258428,26535,71.76858789,28506,61.06291369
342,2014,2014/8/1,39487,80.95745771,37814,98.11624286,45278,91.07329632,31042,83.95856436,37451,80.22406443
343,2014,2014/8/2,36508,74.8498206,36748,95.35028542,37669,75.76836431,28812,77.92713602,38869,83.26157274
344,2014,2014/8/3,35217,72.20297283,37055,96.1468604,37585,75.59940462,14331,38.76071728,26041,55.78261894
345,2014,2014/8/8,43743,89.68323936,35714,92.66735859,45105,90.72531982,13575,36.71598193,27321,58.52451642
346,2014,2014/8/9,40894,83.84213224,36468,94.62376751,44237,88.97940301,19189,51.90003516,30285,64.87372277
347,2014,2014/8/10,27779,56.95335725,35811,92.91904515,45063,90.64083997,16107,43.56422254,43318,92.79180858
348,2014,2014/8/11,34018,69.74474628,35114,91.11053451,41603,83.68130984,17463,47.23176372,45863,98.24347193
349,2014,2014/8/13,37587,77.06201948,35345,91.70991178,40078,80.61388688,16822,45.49806616,45678,97.84718206
350,2014,2014/8/25,15516,31.81137878,36218,93.97509081,40067,80.5917612,10543,28.51540313,16879,36.15663089
351,2014,2014/8/26,16406,33.63608406,37547,97.42345615,47013,94.56311851,10125,27.3848484,17903,38.35014888
352,2014,2014/8/27,20762,42.56688877,37743,97.93201868,47376,95.29326575,10264,27.76079842,19411,41.58044684
353,2014,2014/8/28,16915,34.67965146,37878,98.2823041,46152,92.83128168,10392,28.106997,31368,67.19362509
354,2014,2014/8/29,27464,56.3075346,37439,97.14322782,40015,80.48716711,14632,39.57482487,28633,61.33496133
355,2014,2014/8/30,30322,62.1670938,37974,98.53139595,42102,84.68501086,17969,48.60032997,15548,33.30548594
356,2014,2014/8/31,40905,83.86468478,38275,99.3124027,41767,84.01118352,19914,53.86092554,16272,34.8563717
357,2014,2014/9/1,33156,67.97744746,38203,99.12558381,43811,88.122536,16058,43.4316934,16836,36.06452028
358,2014,2014/9/2,15021,30.79651461,37302,96.78775298,47594,95.73175638,21387,57.84491386,27037,57.91615792
359,2014,2014/9/3,20246,41.50896976,38035,98.68967307,43366,87.22745193,26332,71.21953858,37996,81.39151297
360,2014,2014/9/4,21114,43.28856996,38065,98.76751427,40334,81.12881165,17540,47.4400238,45901,98.32487201
361,2014,2014/9/12,31871,65.34290108,37016,96.04566684,40007,80.47107571,21830,59.04308549,15778,33.79817064
362,2014,2014/9/13,44231,90.68375192,37652,97.69590036,44708,89.92678413,21270,57.52846672,14866,31.84456869
363,2014,2014/9/14,43947,90.10148642,36717,95.26984951,36284,72.98254083,10400,28.12863441,15202,32.56431677
364,2014,2014/9/15,25061,51.38083034,35170,91.25583809,45262,91.04111352,17226,46.59075542,16283,34.87993488
365,2014,2014/9/16,35297,72.36699129,35471,92.03684484,48110,96.76965162,15930,43.08549482,29411,63.0015209
366,2014,2014/9/17,37537,76.95950794,35136,91.16761806,31188,62.73231958,10576,28.60465745,34676,74.27971638
367,2014,2014/9/19,39079,80.12096361,36160,93.82459782,31591,63.54292381,10803,29.21861899,36237,77.62354604
368,2014,2014/9/20,43015,88.19067145,36433,94.53295278,32627,65.62676,12448,33.66781165,36565,78.32615727
369,2014,2014/9/21,38329,78.58329062,36905,95.75765439,34279,68.94963392,10880,29.42687907,21031,45.05066084
